"ÍSAT95","Ísat_heiti","ÍSAT2008","ÍSAT2008_heiti"
"25210","Framleiðsla á plötum, rörum o.þ.h. úr plastefnum","33200","Uppsetning á vélum og búnaði til nota í atvinnuskyni"
"33300","Framleiðsla og viðhald á stjórnbúnaði fyrir iðnaðarframleiðslu","33200","Uppsetning á vélum og búnaði til nota í atvinnuskyni"
"50200","Bílaviðgerðir og viðhald; hjólbarðaviðgerðir","45204","Bón- og þvottastöðvar"
"50200","Bílaviðgerðir og viðhald; hjólbarðaviðgerðir","45203","Dekkjaverkstæði og smurstöðvar"
"50200","Bílaviðgerðir og viðhald; hjólbarðaviðgerðir","45202","Bílaréttingar og -sprautun"
"50200","Bílaviðgerðir og viðhald; hjólbarðaviðgerðir","45201","Almenn bílaverkstæði"
"15220","Hvalvinnsla","10110","Slátrun og vinnsla á kjöti, þó ekki alifuglakjöti"
"29540","Framleiðsla og viðhald véla fyrir textíl-, fata- og leðuriðnað","33120","Viðgerðir á vélbúnaði"
"29550","Framleiðsla og viðhald véla fyrir pappírsiðnað","33120","Viðgerðir á vélbúnaði"
"29560","Framleiðsla og viðhald annarra ótalinna sérhæfðra véla","33120","Viðgerðir á vélbúnaði"
"50101","Bílasala með nýja bíla","45191","Sala á húsbílum og húsvögnum"
"50102","Bílasala með notaða bíla","45191","Sala á húsbílum og húsvögnum"
"51430","Heildverslun með heimilistæki, útvarps- og sjónvarpstæki, lampa, rafmagnstæki o.þ.h.","46470","Heildverslun með húsgögn, teppi og ljósabúnað"
"51473","Heildverslun með úr, sjóntæki og ljósmyndavörur","46430","Heildverslun með heimilistæki, útvörp, sjónvörp og tengdar vörur"
"51390","Heildverslun með önnur matvæli, drykkjarvöru og tóbak","46389","Heildverslun með önnur ótalin matvæli"
"51641","Heildverslun með tölvur, ritvélar o.þ.h.","46660","Heildverslun með aðrar skrifstofuvélar og tæki"
"10300","Mótekja","19200","Framleiðsla á hreinsuðum olíuvörum"
"52462","Málningar- og veggfóðurverslun","47522","Smásala á málningu í sérverslunum"
"70203","Leiga á landi og landréttindum","68203","Leiga á landi og landréttindum"
"01121","Ræktun grænmetis og garðplöntuframleiðsla","01139","Ræktun á öðru ótöldu grænmeti, rótum og hnýði"
"85115","Áfengismeðferð","87200","Dvalarheimili á sviði þroskahömlunar, geðheilbrigðis og vímuefnamisnotkunar"
"85113","Endurhæfing","87100","Dvalarheimili með hjúkrun"
"93020","Hárgreiðslu- og snyrtistofur","96021","Hársnyrtistofur"
"15220","Hvalvinnsla","10410","Framleiðsla á olíu og feiti"
"92400","Starfsemi sjálfstæðra fréttastofa","74200","Ljósmyndaþjónusta"
"51659","Heildverslun með annan ótalinn búnað og vélar til nota í iðnaði, verslun, siglingum og flugi","46520","Heildverslun með rafeinda- og fjarskiptabúnað og tengda hluti"
"02010","Skógrækt og skógarhögg","02109","Skógrækt og önnur ótalin starfsemi tengd henni"
"85314","Heimili fyrir fatlaða","87200","Dvalarheimili á sviði þroskahömlunar, geðheilbrigðis og vímuefnamisnotkunar"
"85322","Leikskólar og önnur dagvistun barna","85100","Fræðslustarfsemi á leikskólastigi"
"85328","Líknarfélög og annað hjálparstarf félagssamtaka","94999","Starfsemi annarra ótalinna félagasamtaka"
"29140","Framleiðsla og viðgerðir á legum, tannhjólum, drifum og drifbúnaði","33120","Viðgerðir á vélbúnaði"
"29210","Framleiðsla og viðhald á bræðsluofnum og brennurum","43220","Pípulagnir, uppsetning hitunar- og loftræstikerfa"
"29310","Dráttarvélasmíði og viðhald","28300","Framleiðsla á vélum til nota í landbúnaði og skógrækt"
"29400","Framleiðsla smíðavéla og viðhald","33120","Viðgerðir á vélbúnaði"
"29510","Framleiðsla og viðhald véla til málmvinnslu","33120","Viðgerðir á vélbúnaði"
"29520","Framleiðsla og viðhald véla til námuvinnslu, sementsframleiðslu, mannvirkjagerðar o.fl.","33120","Viðgerðir á vélbúnaði"
"29531","Framleiðsla og viðhald vélvirkra véla fyrir fiskiðnað og annan matvælaiðnað","33120","Viðgerðir á vélbúnaði"
"29532","Framleiðsla og viðhald tölvustýrðra véla fyrir fiskiðnað og annan matvælaiðnað","33120","Viðgerðir á vélbúnaði"
"29539","Framleiðsla og viðhald véla fyrir drykkjarvöru- og tóbaksiðnað","33120","Viðgerðir á vélbúnaði"
"80421","Öldungadeildir framhaldsskóla","85310","Fræðslustarfsemi á framhaldsskólastigi - bóknám"
"74409","Önnur auglýsingastarfsemi","73110","Auglýsingastofur"
"01240","Alifuglarækt","01472","Eggjaframleiðsla"
"01259","Önnur ótalin búfjárrækt","01492","Æðarrækt og æðardúnstekja"
"01251","Blönduð búfjárrækt","01420","Önnur nautgriparækt"
"01251","Blönduð búfjárrækt","01430","Hrossarækt og ræktun annarra dýra af hrossaætt"
"01251","Blönduð búfjárrækt","01450","Sauðfjár- og geitarækt"
"01251","Blönduð búfjárrækt","01460","Svínarækt"
"01251","Blönduð búfjárrækt","01471","Alifuglarækt"
"01251","Blönduð búfjárrækt","01472","Eggjaframleiðsla"
"93040","Heilsuræktarstarfsemi, sólbaðstofur o.þ.h.","85510","Íþrótta- og tómstundakennsla"
"80429","Önnur fullorðinsfræðsla og ótalin fræðsla","85590","Önnur ótalin fræðslustarfsemi"
"52459","Smásala á heimilistækjum, útvarps- og sjónvarpstækjum","47540","Smásala á heimilistækjum í sérverslunum"
"52461","Byggingar- og járnvöruverslun","47521","Smásala á járn- og byggingarvöru í sérverslunum"
"74206","Einkaleyfisskrifstofur","69100","Lögfræðiþjónusta"
"74149","Rekstrarráðgjöf, þó ekki í landbúnaði","85600","Þjónusta við fræðslustarfsemi"
"74141","Landbúnaðarráðunautar","02400","Þjónustustarfsemi við skógrækt"
"74149","Rekstrarráðgjöf, þó ekki í landbúnaði","02400","Þjónustustarfsemi við skógrækt"
"74141","Landbúnaðarráðunautar","74900","Önnur ótalin sérfræðileg, vísindaleg og tæknileg starfsemi"
"74149","Rekstrarráðgjöf, þó ekki í landbúnaði","74900","Önnur ótalin sérfræðileg, vísindaleg og tæknileg starfsemi"
"01111","Kornrækt, grasrækt og önnur ræktun, þó ekki kartöflurækt","01110","Kornrækt (að undanskildum hrísgrjónum), ræktun belgjurta og olíufræja"
"01111","Kornrækt, grasrækt og önnur ræktun, þó ekki kartöflurækt","01640","Vinnsla fræja fyrir sáningu"
"01111","Kornrækt, grasrækt og önnur ræktun, þó ekki kartöflurækt","01630","Starfsemi að lokinni uppskeru"
"01111","Kornrækt, grasrækt og önnur ræktun, þó ekki kartöflurækt","01290","Ræktun annarra fjölærra nytjajurta"
"01111","Kornrækt, grasrækt og önnur ræktun, þó ekki kartöflurækt","01280","Ræktun krydd- , ilm- og lyfjajurta"
"01111","Kornrækt, grasrækt og önnur ræktun, þó ekki kartöflurækt","01199","Önnur ótalin ræktun nytjajurta sem ekki eru fjölærar"
"01111","Kornrækt, grasrækt og önnur ræktun, þó ekki kartöflurækt","01160","Ræktun trefjajurta"
"01111","Kornrækt, grasrækt og önnur ræktun, þó ekki kartöflurækt","01150","Tóbaksræktun"
"01111","Kornrækt, grasrækt og önnur ræktun, þó ekki kartöflurækt","01140","Ræktun sykurreyrs"
"01111","Kornrækt, grasrækt og önnur ræktun, þó ekki kartöflurækt","01120","Hrísgrjónarækt"
"01112","Kartöflurækt","01132","Ræktun á kartöflum"
"01121","Ræktun grænmetis og garðplöntuframleiðsla","01199","Önnur ótalin ræktun nytjajurta sem ekki eru fjölærar"
"01121","Ræktun grænmetis og garðplöntuframleiðsla","01131","Ræktun á aldingrænmeti og papriku"
"01121","Ræktun grænmetis og garðplöntuframleiðsla","01110","Kornrækt (að undanskildum hrísgrjónum), ræktun belgjurta og olíufræja"
"01121","Ræktun grænmetis og garðplöntuframleiðsla","01280","Ræktun krydd- , ilm- og lyfjajurta"
"01121","Ræktun grænmetis og garðplöntuframleiðsla","02300","Söfnun afurða sem vaxa villtar en eru ekki tré"
"01121","Ræktun grænmetis og garðplöntuframleiðsla","01640","Vinnsla fræja fyrir sáningu"
"01121","Ræktun grænmetis og garðplöntuframleiðsla","01300","Plöntufjölgun"
"01122","Blómarækt","01191","Blómarækt"
"01130","Ræktun ávaxta og berja","01250","Ræktun annarra ávaxta og hneta af trjám og runnum"
"01130","Ræktun ávaxta og berja","02300","Söfnun afurða sem vaxa villtar en eru ekki tré"
"01130","Ræktun ávaxta og berja","01640","Vinnsla fræja fyrir sáningu"
"01130","Ræktun ávaxta og berja","01630","Starfsemi að lokinni uppskeru"
"01130","Ræktun ávaxta og berja","01280","Ræktun krydd- , ilm- og lyfjajurta"
"01130","Ræktun ávaxta og berja","01260","Ræktun olíuríkra ávaxta"
"01130","Ræktun ávaxta og berja","01240","Ræktun kjarnaávaxta og steinaldina"
"01130","Ræktun ávaxta og berja","01230","Ræktun sítrusávaxta"
"01130","Ræktun ávaxta og berja","01220","Ræktun ávaxta frá hitabeltinu og heittempraða beltinu"
"01130","Ræktun ávaxta og berja","01210","Ræktun á þrúgum"
"01130","Ræktun ávaxta og berja","01270","Ræktun jurta til drykkjargerðar"
"01210","Nautgriparækt","01410","Ræktun mjólkurkúa"
"01210","Nautgriparækt","01420","Önnur nautgriparækt"
"01221","Sauðfjárrækt","01450","Sauðfjár- og geitarækt"
"01222","Hrossarækt","01430","Hrossarækt og ræktun annarra dýra af hrossaætt"
"01230","Svínarækt","01460","Svínarækt"
"01240","Alifuglarækt","01471","Alifuglarækt"
"01251","Blönduð búfjárrækt","01410","Ræktun mjólkurkúa"
"01252","Loðdýrabú","01491","Loðdýrabú"
"01259","Önnur ótalin búfjárrækt","01499","Ræktun annarra ótalinna dýra"
"01300","Blandaður búskapur jarðyrkju og búfjárræktar","01500","Blandaður búskapur"
"01411","Þjónusta við jarðyrkju","01630","Starfsemi að lokinni uppskeru"
"01411","Þjónusta við jarðyrkju","01610","Þjónustustarfsemi við ræktun nytjajurta"
"01412","Skrúðgarðyrkja","81300","Skrúðgarðyrkja"
"01420","Þjónusta við búfjárrækt önnur en dýralækningar","01620","Þjónustustarfsemi við búfjárrækt"
"01500","Dýraveiðar og tengd þjónusta","01700","Veiðar og tengd þjónustustarfsemi"
"02010","Skógrækt og skógarhögg","02300","Söfnun afurða sem vaxa villtar en eru ekki tré"
"02010","Skógrækt og skógarhögg","02200","Skógarhögg"
"02010","Skógrækt og skógarhögg","02101","Rekstur gróðrastöðva fyrir skógartré"
"02010","Skógrækt og skógarhögg","01290","Ræktun annarra fjölærra nytjajurta"
"02020","Þjónusta tengd skógrækt og skógarhöggi","02400","Þjónustustarfsemi við skógrækt"
"05011","Togaraútgerð","03112","Útgerð fiskiskipa"
"05012","Útgerð vinnsluskipa","03112","Útgerð fiskiskipa"
"05013","Útgerð fiskiskipa yfir 10 brl., þó ekki togara og vinnsluskipa","03112","Útgerð fiskiskipa"
"05014","Smábátaútgerð","03111","Útgerð smábáta"
"05015","Útgerð hvalveiðiskipa","03113","Hvalveiðar"
"05021","Seiðaeldi","03210","Eldi og ræktun í sjó"
"05021","Seiðaeldi","03220","Eldi og ræktun í ferskvatni"
"05022","Land- og kvíaeldi","03210","Eldi og ræktun í sjó"
"05022","Land- og kvíaeldi","03220","Eldi og ræktun í ferskvatni"
"05023","Hafbeitarstöðvar","03210","Eldi og ræktun í sjó"
"05024","Eldi sjávardýra","03210","Eldi og ræktun í sjó"
"05024","Eldi sjávardýra","03220","Eldi og ræktun í ferskvatni"
"05025","Ræktun og veiði í ám og vötnum","03220","Eldi og ræktun í ferskvatni"
"05030","Þjónusta við fiskveiðar","52100","Vörugeymsla"
"10100","Steinkolanám","09900","Þjónustustarfsemi fyrir vinnslu annarra hráefna úr jörðu"
"10100","Steinkolanám","05100","Steinkolanám"
"10100","Steinkolanám","19200","Framleiðsla á hreinsuðum olíuvörum"
"10200","Brúnkolanám","05200","Brúnkolanám"
"10200","Brúnkolanám","19200","Framleiðsla á hreinsuðum olíuvörum"
"10200","Brúnkolanám","09900","Þjónustustarfsemi fyrir vinnslu annarra hráefna úr jörðu"
"10300","Mótekja","09900","Þjónustustarfsemi fyrir vinnslu annarra hráefna úr jörðu"
"10300","Mótekja","08920","Mótekja"
"11100","Vinnsla á hráolíu og jarðgasi","06200","Vinnsla á jarðgasi"
"11100","Vinnsla á hráolíu og jarðgasi","06100","Vinnsla á hráolíu"
"11200","Tækniþjónusta tengd hráolíu- og jarðgassvinnslu","09100","Þjónustustarfsemi við námuvinnslu á jarðolíu og jarðgasi"
"12000","Nám á úran- og þórínmálmgrýti","09900","Þjónustustarfsemi fyrir vinnslu annarra hráefna úr jörðu"
"12000","Nám á úran- og þórínmálmgrýti","07210","Nám á úran- og þórínmálmgrýti"
"13100","Járnnám","09900","Þjónustustarfsemi fyrir vinnslu annarra hráefna úr jörðu"
"13100","Járnnám","07100","Járnnám"
"13200","Nám annarra málma en járns, þó ekki úran- og þórínmálmgrýtis","09900","Þjónustustarfsemi fyrir vinnslu annarra hráefna úr jörðu"
"13200","Nám annarra málma en járns, þó ekki úran- og þórínmálmgrýtis","07290","Nám annarra málma en járns"
"14110","Grjótnám til bygginga og mannvirkjagerðar","09900","Þjónustustarfsemi fyrir vinnslu annarra hráefna úr jörðu"
"14110","Grjótnám til bygginga og mannvirkjagerðar","08110","Grjótnám til skrautsteinagerðar og til bygginga, kalksteins-, gifs-, krítar- og flögubergsnám"
"14120","Kalksteins-, gifs- og krítarnám","08110","Grjótnám til skrautsteinagerðar og til bygginga, kalksteins-, gifs-, krítar- og flögubergsnám"
"14120","Kalksteins-, gifs- og krítarnám","09900","Þjónustustarfsemi fyrir vinnslu annarra hráefna úr jörðu"
"14130","Flögubergsnám","09900","Þjónustustarfsemi fyrir vinnslu annarra hráefna úr jörðu"
"14130","Flögubergsnám","08110","Grjótnám til skrautsteinagerðar og til bygginga, kalksteins-, gifs-, krítar- og flögubergsnám"
"14210","Malar- og sandnám; vikurnám","09900","Þjónustustarfsemi fyrir vinnslu annarra hráefna úr jörðu"
"14210","Malar- og sandnám; vikurnám","08120","Malar-, sand- og leirnám"
"14220","Leirnám, þ.m.t. vinnsla postulínsleirs","08120","Malar-, sand- og leirnám"
"14220","Leirnám, þ.m.t. vinnsla postulínsleirs","09900","Þjónustustarfsemi fyrir vinnslu annarra hráefna úr jörðu"
"14300","Nám og vinnsla á steinefnum til efnaiðnaðar og áburðargerðar","08910","Nám og vinnsla á steinefnum til efnaiðnaðar og áburðargerðar"
"14300","Nám og vinnsla á steinefnum til efnaiðnaðar og áburðargerðar","09900","Þjónustustarfsemi fyrir vinnslu annarra hráefna úr jörðu"
"14400","Saltvinnsla","10840","Framleiðsla á bragðefnum og kryddi"
"14400","Saltvinnsla","08930","Saltnám"
"14400","Saltvinnsla","09900","Þjónustustarfsemi fyrir vinnslu annarra hráefna úr jörðu"
"14500","Nám og vinnsla  annarra ótalinna hráefna úr jörðu","08990","Nám og vinnsla annarra ótalinna hráefna úr jörðu"
"14500","Nám og vinnsla  annarra ótalinna hráefna úr jörðu","09900","Þjónustustarfsemi fyrir vinnslu annarra hráefna úr jörðu"
"15110","Slátrun, vinnsla og geymsla kjöts, þó ekki alifuglakjöts","10110","Slátrun og vinnsla á kjöti, þó ekki alifuglakjöti"
"15120","Slátrun, vinnsla og geymsla alifuglakjöts","10120","Slátrun og vinnsla á alifuglakjöti"
"15130","Kjötiðnaður","10850","Framleiðsla á tilbúnum máltíðum og réttum"
"15130","Kjötiðnaður","10130","Framleiðsla á kjötafurðum"
"15201","Frysting fiskafurða","10201","Frysting fiskafurða, krabbadýra og lindýra"
"15202","Saltfiskverkun","10202","Söltun, þurrkun og hersla fiskafurða, krabbadýra og lindýra"
"15203","Síldarsöltun","10202","Söltun, þurrkun og hersla fiskafurða, krabbadýra og lindýra"
"15204","Hersla","10202","Söltun, þurrkun og hersla fiskafurða, krabbadýra og lindýra"
"15205","Harðfiskverkun","10202","Söltun, þurrkun og hersla fiskafurða, krabbadýra og lindýra"
"15206","Vinnsla á fersku sjávarfangi","10850","Framleiðsla á tilbúnum máltíðum og réttum"
"15206","Vinnsla á fersku sjávarfangi","10209","Önnur ótalin vinnsla fiskafurða, krabbadýra og lindýra"
"15207","Mjöl- og lýsisvinnsla","10203","Mjöl- og lýsisvinnsla"
"15208","Lagmetisiðja og framleiðsla sjávarrétta","10850","Framleiðsla á tilbúnum máltíðum og réttum"
"15208","Lagmetisiðja og framleiðsla sjávarrétta","10204","Framleiðsla lagmetis úr fiskafurðum, krabbadýrum og lindýrum"
"15209","Önnur ótalin fiskvinnsla","10850","Framleiðsla á tilbúnum máltíðum og réttum"
"15209","Önnur ótalin fiskvinnsla","10209","Önnur ótalin vinnsla fiskafurða, krabbadýra og lindýra"
"15310","Vinnsla á kartöflum","10310","Vinnsla á kartöflum"
"15320","Framleiðsla ávaxta- og grænmetissafa","10320","Framleiðsla á ávaxta- og grænmetissafa"
"15330","Önnur ótalin vinnsla ávaxta og grænmetis","10850","Framleiðsla á tilbúnum máltíðum og réttum"
"15330","Önnur ótalin vinnsla ávaxta og grænmetis","10390","Önnur ótalin vinnsla ávaxta og grænmetis"
"15410","Framleiðsla óhreinsaðrar olíu og feiti","10410","Framleiðsla á olíu og feiti"
"15420","Framleiðsla hreinsaðrar olíu og feiti","10410","Framleiðsla á olíu og feiti"
"15430","Framleiðsla smjörlíkis og svipaðrar feiti til manneldis","10420","Framleiðsla á smjörlíki og svipaðri feiti til manneldis"
"15510","Mjólkurbú og ostagerð","10510","Mjólkurbú og ostagerð"
"15520","Ísgerð","10520","Ísgerð"
"15610","Framleiðsla á kornvöru","10610","Framleiðsla á kornvöru"
"15620","Framleiðsla á mjölva og mjölvavöru","10620","Framleiðsla á mjölva og mjölvavöru"
"15711","Framleiðsla húsdýrafóðurs","10910","Framleiðsla húsdýrafóðurs"
"15712","Framleiðsla fiskeldisfóðurs","10910","Framleiðsla húsdýrafóðurs"
"15713","Framleiðsla þörungamjöls","10910","Framleiðsla húsdýrafóðurs"
"15720","Framleiðsla gæludýrafóðurs","10920","Framleiðsla gæludýrafóðurs"
"15810","Brauðgerðir og bakarí","10710","Framleiðsla á brauði, nýju sætabrauði og kökum"
"15820","Kex- og kökuframleiðsla","10720","Framleiðsla á tvíbökum og kexi, framleiðsla á geymsluþolnu sætabrauði og kökum"
"15830","Sykurframleiðsla","10810","Sykurframleiðsla"
"15840","Súkkulaði- og sælgætisgerð; kakóframleiðsla","10820","Framleiðsla á súkkulaði og sælgæti; kakói"
"15850","Framleiðsla á pastavörum og svipuðum vörum","10730","Framleiðsla á pastavörum og svipuðum vörum"
"15860","Te- og kaffiframleiðsla","10830","Te- og kaffivinnsla"
"15870","Krydd- og bragðefnaframleiðsla","10840","Framleiðsla á bragðefnum og kryddi"
"15880","Framleiðsla á jafnblönduðum matvælum, sjúkra- og sérfæði","10860","Framleiðsla á jafnblönduðum matvælum og sérfæði"
"15890","Annar ótalinn matvælaiðnaður","10890","Önnur ótalin framleiðsla á matvælum"
"15910","Framleiðsla eimaðra áfengra drykkja","11010","Eiming, hreinsun og blöndun áfengra drykkja"
"15920","Framleiðsla á hráum spíritus","20140","Framleiðsla á öðrum lífrænum grunnefnum til efnaiðnaðar"
"15920","Framleiðsla á hráum spíritus","11010","Eiming, hreinsun og blöndun áfengra drykkja"
"15930","Framleiðsla á léttu víni","11020","Framleiðsla á víni úr þrúgum"
"15940","Framleiðsla annarra ávaxtavína","11030","Framleiðsla annarra ávaxtavína"
"15950"," Framleiðsla á vermút og svipuðum víntegundum","11040","Framleiðsla á öðrum óeimuðum, gerjuðum drykkjarvörum"
"15960","Bjórgerð","11050","Bjórgerð"
"15970","Maltgerð","11060","Maltgerð"
"15980","Framleiðsla gosdrykkja og svipaðra drykkja","11070","Framleiðsla á gosdrykkjum, ölkelduvatni og öðru átöppuðu vatni"
"16000","Tóbaksiðnaður","12000","Framleiðsla á tóbaksvörum"
"17200","Vefnaður","13200","Textílvefnaður"
"17300","Frágangur á textílum","13300","Frágangur á textílum"
"17401","Seglagerðir","13920","Framleiðsla á tilbúinni spunavöru annarri en fatnaði"
"17402","Framleiðsla textílvöru til heimilis- og innanhússnota","13920","Framleiðsla á tilbúinni spunavöru annarri en fatnaði"
"17409","Önnur framleiðsla á tilbúinni textílvöru","13920","Framleiðsla á tilbúinni spunavöru annarri en fatnaði"
"17510","Framleiðsla á teppum og mottum","13930","Framleiðsla á gólfteppum og mottum"
"17521","Framleiðsla á köðlum, garni og netum","13940","Framleiðsla á köðlum, seglgarni og netum"
"17522","Veiðarfæragerð","13940","Framleiðsla á köðlum, seglgarni og netum"
"17522","Veiðarfæragerð","33190","Viðgerðir á öðrum búnaði"
"17530","Framleiðsla á trefjadúk, ekki ofnum, og vörum úr honum, þó ekki fatnaði","13950","Framleiðsla á trefjadúk og vörum úr þeim, þó ekki fatnaði"
"17540","Framleiðsla annarrar ótalinnar textílvöru","13990","Framleiðsla á annarri ótalinni textílvöru"
"17540","Framleiðsla annarrar ótalinnar textílvöru","13960","Framleiðsla annarra tækni- og iðnaðartextíla"
"17600","Framleiðsla á hekl- og prjónvoð","13910","Framleiðsla á hekluðum og prjónuðum dúk"
"17710","Sokkaframleiðsla","14310","Framleiðsla á sokkum og sokkavörum"
"17720","Peysuframleiðsla","14390","Framleiðsla á öðrum prjónuðum og hekluðum fatnaði"
"18100","Framleiðsla á leðurfatnaði","14110","Framleiðsla á leðurfatnaði"
"18210","Framleiðsla á vinnufatnaði","14120","Vinnufatagerð"
"18220","Framleiðsla á  yfirfatnaði, þó ekki vinnufatnaði","14130","Framleiðsla á öðrum yfirfatnaði"
"18230","Framleiðsla á undirfatnaði","14140","Framleiðsla á nærfatnaði"
"18240","Framleiðsla á öðrum ótöldum fatnaði og fylgihlutum","32990","Önnur ótalin framleiðsla"
"18240","Framleiðsla á öðrum ótöldum fatnaði og fylgihlutum","14190","Framleiðsla á öðrum fatnaði og fylgihlutum"
"18300","Sútun og litun loðskinna; framleiðsla úr loðskinnum","15110","Sútun leðurs; sútun og litun á loðskinni"
"18300","Sútun og litun loðskinna; framleiðsla úr loðskinnum","14200","Framleiðsla á vörum úr loðskinnum"
"19100","Sútun á leðri","15110","Sútun leðurs; sútun og litun á loðskinni"
"19200","Framleiðsla á ferðatöskum, handtöskum og skyldum vörum og reiðtygjum","32990","Önnur ótalin framleiðsla"
"19200","Framleiðsla á ferðatöskum, handtöskum og skyldum vörum og reiðtygjum","15120","Framleiðsla á ferðatöskum, handtöskum og áþekkum vörum; reiðtygjum og skyldum vörum"
"19300","Framleiðsla á skófatnaði","15200","Framleiðsla á skófatnaði"
"19300","Framleiðsla á skófatnaði","22190","Framleiðsla á öðrum gúmmívörum"
"20100","Sögun, heflun og fúavörn á viði","16100","Sögun, heflun og fúavörn á viði"
"20200","Framleiðsla á krossviði, spónarplötum o.þ.h.","16210","Framleiðsla á viðarspæni og plötum að grunni til úr viði"
"20301","Framleiðsla einingahúsa og byggingareininga úr viði og öðrum efniviði","16220","Framleiðsla á samsettum parketgólfum"
"20301","Framleiðsla einingahúsa og byggingareininga úr viði og öðrum efniviði","16230","Framleiðsla á öðrum trésmíðavörum til bygginga"
"20309","Framleiðsla annars efnis til húsasmíða úr viði og öðrum efniviði","16220","Framleiðsla á samsettum parketgólfum"
"20309","Framleiðsla annars efnis til húsasmíða úr viði og öðrum efniviði","16230","Framleiðsla á öðrum trésmíðavörum til bygginga"
"20400","Framleiðsla á umbúðum úr viði","33190","Viðgerðir á öðrum búnaði"
"20400","Framleiðsla á umbúðum úr viði","16240","Framleiðsla á umbúðum úr viði"
"20510","Framleiðsla annarrar viðarvöru","16290","Framleiðsla á annarri viðarvöru; framleiðsla á vörum úr korki, hálmi og fléttiefnum"
"20520","Framleiðsla vöru úr korki, hálmi og fléttiefnum","16290","Framleiðsla á annarri viðarvöru; framleiðsla á vörum úr korki, hálmi og fléttiefnum"
"20520","Framleiðsla vöru úr korki, hálmi og fléttiefnum","32990","Önnur ótalin framleiðsla"
"21110","Framleiðsla á pappírskvoðu","17110","Framleiðsla á pappírskvoðu"
"21120","Framleiðsla á pappír og pappa","17120","Framleiðsla á pappír og pappa"
"21210","Framleiðsla á bylgjupappa og umbúðum úr pappír og pappa","17210","Framleiðsla á bylgjupappír og -pappa og umbúðum úr pappír og pappa"
"21220","Framleiðsla vöru til heimilis- og hreinlætisnota úr pappír og pappa","17220","Framleiðsla á heimilis- og hreinlætisvörum úr pappír og pappa"
"21230","Framleiðsla á skrifpappír og skrifstofuvörum úr pappír og pappa","17230","Framleiðsla á skrifpappír og skrifstofuvörum úr pappír og pappa"
"21240","Framleiðsla veggfóðurs","17240","Framleiðsla á veggfóðri"
"21250","Framleiðsla annarrar pappírs- og pappavöru","17290","Framleiðsla á annarri pappírs- og pappavöru"
"22111","Bókaútgáfa með starfrækslu eigin prentsmiðju","58110","Bókaútgáfa"
"22111","Bókaútgáfa með starfrækslu eigin prentsmiðju","58120","Útgáfa skráa og póstlista"
"22112","Bókaútgáfa án starfrækslu eigin prentsmiðju","58110","Bókaútgáfa"
"22112","Bókaútgáfa án starfrækslu eigin prentsmiðju","58120","Útgáfa skráa og póstlista"
"22121","Dagblaðaútgáfa með starfrækslu eigin prentsmiðju","58130","Dagblaðaútgáfa"
"22122","Dagblaðaútgáfa án starfrækslu eigin prentsmiðju","58130","Dagblaðaútgáfa"
"22130","Tímaritaútgáfa","58140","Tímaritaútgáfa"
"22140","Útgáfa á hljóðrituðu efni","59200","Hljóðupptaka og tónlistarútgáfa"
"22150","Önnur útgáfustarfsemi","58190","Önnur útgáfustarfsemi"
"22210","Prentun dagblaða","18110","Prentun dagblaða"
"22221","Offsett- og hæðarprentun","18120","Önnur prentun"
"22222","Sáldprentun","18120","Önnur prentun"
"22229","Önnur ótalin prentun","18120","Önnur prentun"
"22230","Bókband og frágangur prentaðs máls","18140","Bókband og tengd þjónusta"
"22240","Prentsmíð","18130","Undirbúningur fyrir prentun"
"22250","Önnur starfsemi tengd prentiðnaði","18130","Undirbúningur fyrir prentun"
"22250","Önnur starfsemi tengd prentiðnaði","18140","Bókband og tengd þjónusta"
"22310","Fjölföldun hljóðritaðs efnis","18200","Fjölföldun upptekins efnis"
"22320","Fjölföldun myndefnis","18200","Fjölföldun upptekins efnis"
"22330","Fjölföldun tölvuefnis","18200","Fjölföldun upptekins efnis"
"23100","Koxframleiðsla","19100","Koksframleiðsla"
"25120","Sólun notaðra hjólbarða","22110","Framleiðsla á gúmmíhjólbörðum og hjólbarðaslöngum, sólun notaðra gúmmíhjólbarða"
"25130","Önnur gúmmívöruframleiðsla","22190","Framleiðsla á öðrum gúmmívörum"
"25210","Framleiðsla á plötum, rörum o.þ.h. úr plastefnum","22210","Framleiðsla á plötum, þynnum, slöngum og prófílum úr plasti"
"25220","Framleiðsla á umbúðaplasti","22229","Framleiðsla á öðru umbúðaplasti"
"25230","Framleiðsla á byggingarvörum úr plasti","22230","Framleiðsla á byggingarvörum úr plasti"
"25241","Framleiðsla á plastvörum til nota í sjávarútvegi","22221","Framleiðsla á plastvörum til nota í sjávarútvegi"
"25249","Önnur ótalin plastvöruframleiðsla","22290","Framleiðsla á öðrum plastvörum"
"26110","Framleiðsla á glerplötum","23110","Framleiðsla á flotgleri"
"26120","Skurður og vinnsla á glerplötum og rúðugleri","23120","Skurður og vinnsla á flotgleri"
"26130","Framleiðsla gleríláta","23130","Framleiðsla á glerílátum"
"26140","Glerullarframleiðsla","23140","Framleiðsla á glertrefjum"
"26150","Annar gleriðnaður","23190","Framleiðsla og vinnsla á öðru gleri, þ.m.t. glervara til tæknilegra nota"
"26210","Framleiðsla á nytjaleirmunum og skrautmunum","23410","Framleiðsla á heimilisvörum og skrautmunum úr leir og postulíni"
"26220","Framleiðsla á hreinlætistækjum úr leir og postulíni","23420","Framleiðsla á hreinlætistækjum úr leir og postulíni"
"26230","Framleiðsla á einangrurum og einangrunarefni úr postulíni","23430","Framleiðsla á einangrurum og tengjum úr leir"
"26240","Framleiðsla annarrar leirvöru til tæknilegra nota","23440","Framleiðsla á annarri leirvöru til tæknilegra nota"
"26250","Önnur leirmuna- og postulínsgerð","23490","Framleiðsla á öðrum leirvörum"
"26260","Framleiðsla eldfastrar leirvöru","23200","Framleiðsla á eldföstum vörum"
"26300","Framleiðsla á flísum og hellum úr leir og postulíni","23310","Framleiðsla á flísum og hellum úr leir"
"26400","Framleiðsla á byggingarvörum úr brenndum leir","23320","Framleiðsla á byggingarvörum úr brenndum leir"
"26510","Sementsframleiðsla","23510","Sementsframleiðsla"
"26520","Kalkframleiðsla","23520","Kalk- og gifsframleiðsla"
"26530","Gifsframleiðsla","23520","Kalk- og gifsframleiðsla"
"26610","Framleiðsla á byggingarefni úr steinsteypu","23610","Framleiðsla á byggingarefni úr steinsteypu"
"26620","Framleiðsla á bygggingarefni úr gifsi","23620","Framleiðsla á byggingarefni úr gifsi"
"26630","Framleiðsla tilbúinnar steinsteypu","23630","Framleiðsla á tilbúinni steinsteypu"
"26640","Framleiðsla steinlíms","23640","Framleiðsla á steinlími"
"26650","Framleiðsla á vörum úr trefjasementi","23650","Framleiðsla á vörum úr trefjasementi"
"26660","Framleiðsla annarrar vöru úr steinsteypu, sementi og gifsi","23690","Framleiðsla á öðrum vörum úr steinsteypu, sementi og gifsi"
"26700","Steinsmíði","23700","Steinsmíði"
"26810","Framleiðsla slípisteina og slípiefna","23910","Framleiðsla á vörum til slípunar"
"26821","Steinullarframleiðsla","23990","Framleiðsla á öðrum ótöldum vörum úr málmlausum steinefnum"
"26822","Þakpappaframleiðsla","23990","Framleiðsla á öðrum ótöldum vörum úr málmlausum steinefnum"
"26829","Annar ótalinn steinefnaiðnaður, þó ekki málmiðnaður","23990","Framleiðsla á öðrum ótöldum vörum úr málmlausum steinefnum"
"27100","Járn- og stálframleiðsla; framleiðsla spegiljárns","24100","Framleiðsla á járni, stáli og járnblendi"
"27210","Framleiðsla steypujárns- og steypustálsröra","24510","Járnsteypa"
"27220","Framleiðsla járn- og stálröra","24200","Framleiðsla á rörum, pípum, holum prófílum og tengihlutum úr stáli"
"27310","Kalddráttur","24310","Kalddráttur stanga"
"27320","Kaldvölsun flatjárns og flatstáls","24320","Kaldvölsun flatstáls"
"27330","Kaldmótun","24330","Kaldmótun"
"27340","Vírdráttur","24340","Kalddráttur víra"
"27350","Önnur ótalin frumvinnsla á járni og stáli; framleiðsla járnblendis, þó ekki spegiljárns","24100","Framleiðsla á járni, stáli og járnblendi"
"27410","Framleiðsla góðmálma","24410","Framleiðsla góðmálma"
"27420","Álframleiðsla","24420","Álframleiðsla"
"27430","Blý-, sink- og tinframleiðsla","24430","Blý-, sink- og tinframleiðsla"
"27440","Koparframleiðsla","24440","Koparframleiðsla"
"27450","Framleiðsla annarra málma sem ekki innihalda járn","24450","Framleiðsla annarra málma sem ekki innihalda járn"
"27510","Járnsteypa","24510","Járnsteypa"
"27520","Stálsteypa","24520","Stálsteypa"
"27530","Málmsteypa úr léttmálmum","24530","Steypa léttmálma"
"27540","Önnur málmsteypa","24540","Steypa annarra málma sem ekki innihalda járn"
"28110","Framleiðsla og viðgerðir á burðarvirkjum og byggingareiningum úr málmi","25110","Framleiðsla á  burðarvirkjum og byggingareiningum úr málmi"
"28120","Framleiðsla og viðgerðir á byggingarvöru úr málmum","25120","Framleiðsla á hurðum og gluggum úr málmi"
"28210","Framleiðsla og viðgerðir geyma, kera og íláta úr málmum","25290","Framleiðsla á öðrum geymum, kerum og ílátum úr málmi"
"28210","Framleiðsla og viðgerðir geyma, kera og íláta úr málmum","33110","Viðgerðir á málmvörum"
"28220","Framleiðsla og viðgerðir miðstöðvarofna og miðstöðvarkatla","25210","Framleiðsla á miðstöðvarofnum og -kötlum"
"28220","Framleiðsla og viðgerðir miðstöðvarofna og miðstöðvarkatla","33110","Viðgerðir á málmvörum"
"28300","Framleiðsla og viðgerðir á gufukötlum, þó ekki miðstöðvarkötlum","33110","Viðgerðir á málmvörum"
"28300","Framleiðsla og viðgerðir á gufukötlum, þó ekki miðstöðvarkötlum","25300","Framleiðsla á gufukötlum, þó ekki miðstöðvarkötlum"
"28400","Eldsmíði, önnur málmsmíði og viðgerðir; sindurmótun","25500","Eldsmíði og önnur málmsmíði; sindurmótun"
"28510","Meðferð og húðun málma","25610","Meðhöndlun og húðun málma"
"28520","Almenn málmsmiðjuþjónusta og blikksmíði","25620","Vélvinnsla málma"
"28610","Framleiðsla og viðgerðir á hnífum, verkfærum og ýmis konar járnvöru","25710","Framleiðsla á hnífapörum, hnífum, skærum, o.þ.h."
"28610","Framleiðsla og viðgerðir á hnífum, verkfærum og ýmis konar járnvöru","33110","Viðgerðir á málmvörum"
"28620","Framleiðsla og viðgerðir á verkfærum","28490","Framleiðsla á öðrum ótöldum smíðavélum"
"28620","Framleiðsla og viðgerðir á verkfærum","33110","Viðgerðir á málmvörum"
"28620","Framleiðsla og viðgerðir á verkfærum","25730","Framleiðsla á verkfærum, þó ekki vélknúnum"
"28620","Framleiðsla og viðgerðir á verkfærum","28920","Framleiðsla á vélum til mannvirkjagerðar, námugraftrar og vinnslu hráefna úr jörðu"
"28630","Framleiðsla á lásum og lömum","25720","Framleiðsla á lásum og lömum"
"28710","Framleiðsla og viðgerðir á stáltunnum og svipuðum ílátum","25910","Framleiðsla á stáltunnum og svipuðum ílátum"
"28720","Framleiðsla á umbúðum úr léttmálmum","25920","Framleiðsla á umbúðum úr léttmálmi"
"28730","Framleiðsla á vörum úr vír","25930","Framleiðsla á keðjum,  fjöðrum og vörum úr vír"
"28740","Framleiðsla á boltum, skrúfum, keðjum og fjöðrum","25940","Framleiðsla á boltum og skrúfum"
"28740","Framleiðsla á boltum, skrúfum, keðjum og fjöðrum","25930","Framleiðsla á keðjum,  fjöðrum og vörum úr vír"
"28750","Önnur ótalin málmsmíði og viðgerðir","32990","Önnur ótalin framleiðsla"
"28750","Önnur ótalin málmsmíði og viðgerðir","25710","Framleiðsla á hnífapörum, hnífum, skærum, o.þ.h."
"28750","Önnur ótalin málmsmíði og viðgerðir","25990","Framleiðsla á öðrum ótöldum málmvörum"
"29110","Framleiðsla og viðgerðir hreyfla og hverfla, þó ekki í loftför, bíla og vélhjól","28110","Framleiðsla hreyfla og hverfla, þó ekki í loftför, ökutæki eða vélhjól"
"29120","Framleiðsla og viðgerðir á dælum og þjöppum","28120","Framleiðsla á vökvaaflsbúnaði"
"29120","Framleiðsla og viðgerðir á dælum og þjöppum","28130","Framleiðsla á öðrum dælum og þjöppum"
"29120","Framleiðsla og viðgerðir á dælum og þjöppum","33120","Viðgerðir á vélbúnaði"
"29130","Framleiðsla og viðgerðir á krönum og lokum","28140","Framleiðsla á krönum og lokum"
"29140","Framleiðsla og viðgerðir á legum, tannhjólum, drifum og drifbúnaði","28150","Framleiðsla á legum, tannhjólum, drifum og drifbúnaði"
"29210","Framleiðsla og viðhald á bræðsluofnum og brennurum","28210","Framleiðsla á ofnum, bræðsluofnum og brennurum"
"29220","Framleiðsla og viðhald á lyftitækjum, spilum og öðrum færslubúnaði","28220","Framleiðsla á lyftitækjum og færslubúnaði"
"29220","Framleiðsla og viðhald á lyftitækjum, spilum og öðrum færslubúnaði","33120","Viðgerðir á vélbúnaði"
"29230","Framleiðsla og viðhald á kæli- og loftræstitækjum til annarra nota en heimilisnota","28250","Framleiðsla á kæli- og loftræstibúnaði, þó ekki til  heimilisnota"
"29240","Framleiðsla og viðhald annarra véla til almennra nota","26510","Framleiðsla á tækjum og búnaði til mælinga, prófana og leiðsögu"
"29240","Framleiðsla og viðhald annarra véla til almennra nota","28290","Framleiðsla á öðrum ótöldum vélum til almennra nota"
"29240","Framleiðsla og viðhald annarra véla til almennra nota","28940","Framleiðsla á vélum fyrir textíl-, fata- og leðurframleiðslu"
"29240","Framleiðsla og viðhald annarra véla til almennra nota","33130","Viðgerðir á rafeindabúnaði og optískum tækjum"
"29310","Dráttarvélasmíði og viðhald","33120","Viðgerðir á vélbúnaði"
"29320","Framleiðsla og viðhald annarra véla til nota í landbúnaði og skógrækt","28300","Framleiðsla á vélum til nota í landbúnaði og skógrækt"
"29320","Framleiðsla og viðhald annarra véla til nota í landbúnaði og skógrækt","33120","Viðgerðir á vélbúnaði"
"29400","Framleiðsla smíðavéla og viðhald","28410","Framleiðsla á vélum til mótunar á málmi"
"29510","Framleiðsla og viðhald véla til málmvinnslu","28910","Framleiðsla á vélum til málmvinnslu"
"29520","Framleiðsla og viðhald véla til námuvinnslu, sementsframleiðslu, mannvirkjagerðar o.fl.","28920","Framleiðsla á vélum til mannvirkjagerðar, námugraftrar og vinnslu hráefna úr jörðu"
"29531","Framleiðsla og viðhald vélvirkra véla fyrir fiskiðnað og annan matvælaiðnað","28930","Framleiðsla á vélum fyrir matvæla-, drykkjarvöru- og tóbaksvinnslu"
"29532","Framleiðsla og viðhald tölvustýrðra véla fyrir fiskiðnað og annan matvælaiðnað","28930","Framleiðsla á vélum fyrir matvæla-, drykkjarvöru- og tóbaksvinnslu"
"29539","Framleiðsla og viðhald véla fyrir drykkjarvöru- og tóbaksiðnað","28930","Framleiðsla á vélum fyrir matvæla-, drykkjarvöru- og tóbaksvinnslu"
"29540","Framleiðsla og viðhald véla fyrir textíl-, fata- og leðuriðnað","28940","Framleiðsla á vélum fyrir textíl-, fata- og leðurframleiðslu"
"29550","Framleiðsla og viðhald véla fyrir pappírsiðnað","28950","Framleiðsla á vélum til pappírs- og pappaframleiðslu"
"29560","Framleiðsla og viðhald annarra ótalinna sérhæfðra véla","28990","Framleiðsla á öðrum ótöldum sérhæfðum vélum"
"29560","Framleiðsla og viðhald annarra ótalinna sérhæfðra véla","28960","Framleiðsla á vélum til plast- og gúmmívinnslu"
"29600","Vopna- og skotfæraframleiðsla","25400","Vopna- og skotfæraframleiðsla"
"29600","Vopna- og skotfæraframleiðsla","30400","Framleiðsla á hernaðarökutækjum"
"29710","Framleiðsla rafmagnstækja til heimilisnota","27510","Framleiðsla rafknúinna heimilistækja"
"29720","Framleiðsla heimilistækja, þó ekki rafmagnstækja","27520","Framleiðsla heimilistækja, annarra en rafknúinna"
"30010","Framleiðsla á skrifstofuvélum","28230","Framleiðsla á skrifstofuvélum og –búnaði, þó ekki tölvum og jaðarbúnaði"
"30020","Framleiðsla á tölvum og öðrum gagnavinnsluvélum","26200","Framleiðsla á tölvum og jaðarbúnaði"
"31100","Framleiðsla og viðgerðir rafhreyfla, rafala og spennubreyta","26120","Framleiðsla á fullbúnum rafeindaspjöldum"
"31100","Framleiðsla og viðgerðir rafhreyfla, rafala og spennubreyta","27110","Framleiðsla á rafhreyflum, rafölum og spennubreytum"
"31100","Framleiðsla og viðgerðir rafhreyfla, rafala og spennubreyta","33140","Viðgerðir á rafbúnaði"
"31200","Framleiðsla og viðhald á búnaði fyrir dreifingu og stjórnkerfi raforku","33140","Viðgerðir á rafbúnaði"
"31200","Framleiðsla og viðhald á búnaði fyrir dreifingu og stjórnkerfi raforku","27330","Framleiðsla á leiðslubúnaði"
"31200","Framleiðsla og viðhald á búnaði fyrir dreifingu og stjórnkerfi raforku","27120","Framleiðsla á dreifi- og stjórnbúnaði fyrir raforku"
"31300","Framleiðsla á einangruðum vírum og strengjum","26120","Framleiðsla á fullbúnum rafeindaspjöldum"
"31300","Framleiðsla á einangruðum vírum og strengjum","27310","Framleiðsla á ljósleiðaraköplum"
"31300","Framleiðsla á einangruðum vírum og strengjum","27320","Framleiðsla á öðrum rafeinda- og rafmagnsvírum og köplum"
"31300","Framleiðsla á einangruðum vírum og strengjum","27330","Framleiðsla á leiðslubúnaði"
"31400","Framleiðsla og viðgerðir á rafgeymum og rafhlöðum","27200","Framleiðsla rafhlaðna og rafgeyma"
"31500","Framleiðsla og viðgerðir á ljósabúnaði og lömpum","27400","Framleiðsla á rafljósabúnaði"
"31610","Framleiðsla og viðgerðir raftækja í hreyfla og ökutæki","29310","Framleiðsla á raf- og rafeindabúnaði í vélknúin ökutæki og hreyfla þeirra"
"31620","Framleiðsla og viðgerðir annarra ótalinna raftækja","33140","Viðgerðir á rafbúnaði"
"31620","Framleiðsla og viðgerðir annarra ótalinna raftækja","27900","Framleiðsla á öðrum rafbúnaði"
"32100","Framleiðsla og viðgerðir á rafeindalömpum og öðrum íhlutum rafeindatækja","26110","Framleiðsla á rafeindaíhlutum"
"32100","Framleiðsla og viðgerðir á rafeindalömpum og öðrum íhlutum rafeindatækja","33130","Viðgerðir á rafeindabúnaði og optískum tækjum"
"32200","Framleiðsla og viðgerðir útvarps- og sjónvarpssenda og tækja fyrir símtækni og símritun","26300","Framleiðsla fjarskiptabúnaðar"
"32200","Framleiðsla og viðgerðir útvarps- og sjónvarpssenda og tækja fyrir símtækni og símritun","95120","Viðgerðir á fjarskiptabúnaði"
"32300","Framleiðsla sjónvarps- og útvarpstækja, hátalara, loftneta og skyldrar vöru","26400","Framleiðsla á sjónvarps-, útvarps- og hljómtækjum og skyldum búnaði"
"32300","Framleiðsla sjónvarps- og útvarpstækja, hátalara, loftneta og skyldrar vöru","33130","Viðgerðir á rafeindabúnaði og optískum tækjum"
"33100","Framleiðsla og viðhald á lækninga- og skurðlækningatækjum og hjálpartækjum","33130","Viðgerðir á rafeindabúnaði og optískum tækjum"
"33100","Framleiðsla og viðhald á lækninga- og skurðlækningatækjum og hjálpartækjum","33140","Viðgerðir á rafbúnaði"
"33100","Framleiðsla og viðhald á lækninga- og skurðlækningatækjum og hjálpartækjum","32500","Framleiðsla á tækjum og vörum til lækninga og tannlækninga"
"33100","Framleiðsla og viðhald á lækninga- og skurðlækningatækjum og hjálpartækjum","26600","Framleiðsla á búnaði til geislunar, raftækjabúnaði til lækninga og meðferðar"
"33200","Framleiðsla og viðhald á leiðsögutækjum og búnaði til mælinga, eftirlits og prófana","26510","Framleiðsla á tækjum og búnaði til mælinga, prófana og leiðsögu"
"33200","Framleiðsla og viðhald á leiðsögutækjum og búnaði til mælinga, eftirlits og prófana","33130","Viðgerðir á rafeindabúnaði og optískum tækjum"
"33300","Framleiðsla og viðhald á stjórnbúnaði fyrir iðnaðarframleiðslu","33140","Viðgerðir á rafbúnaði"
"33300","Framleiðsla og viðhald á stjórnbúnaði fyrir iðnaðarframleiðslu","33130","Viðgerðir á rafeindabúnaði og optískum tækjum"
"33400","Framleiðsla á sjóntækjum, ljósmyndavélum o.þ.h.","33130","Viðgerðir á rafeindabúnaði og optískum tækjum"
"33400","Framleiðsla á sjóntækjum, ljósmyndavélum o.þ.h.","26700","Framleiðsla á optískum tækjum og ljósmyndabúnaði"
"33500","Úr- og klukkusmíði","26520","Framleiðsla á úrum og klukkum"
"34100","Bílaverksmiðjur","29100","Framleiðsla vélknúinna ökutækja"
"34100","Bílaverksmiðjur","30910","Framleiðsla vélhjóla"
"34200","Smíði yfirbygginga og framleiðsla tengi- og aftanívagna","29200","Smíði yfirbygginga fyrir vélknúin ökutæki og framleiðsla tengivagna"
"34300","Framleiðsla á íhlutum og aukahlutum í bíla","29320","Framleiðsla á öðrum íhlutum og aukabúnaði í vélknúin ökutæki og hreyfla þeirra"
"35110","Skipasmíði og skipaviðgerðir","33150","Viðgerðir og viðhald á skipum og bátum"
"35110","Skipasmíði og skipaviðgerðir","30110","Smíði skipa og annarra fljótandi mannvirkja"
"35120","Smíði og viðgerðir skemmti- og sportbáta","30120","Smíði skemmti- og sportbáta"
"35120","Smíði og viðgerðir skemmti- og sportbáta","33150","Viðgerðir og viðhald á skipum og bátum"
"35200","Smíði og viðgerðir járnbrautar- og sporvagna","30200","Framleiðsla eimreiða og járnbrautarvagna"
"35200","Smíði og viðgerðir járnbrautar- og sporvagna","33170","Viðgerðir og viðhald á öðrum ótöldum flutningatækjum"
"35300","Smíði og viðgerðir loftfara og geimfara","30300","Framleiðsla á loft- og geimförum og tengdum vélbúnaði"
"35300","Smíði og viðgerðir loftfara og geimfara","33160","Viðgerðir og viðhald á loftförum og geimförum"
"35410","Framleiðsla bifhjóla","45400","Sala, viðhald og viðgerðir vélhjóla og hluta og aukabúnaðar til þeirra"
"35410","Framleiðsla bifhjóla","30910","Framleiðsla vélhjóla"
"35420","Framleiðsla reiðhjóla","30920","Framleiðsla á reiðhjólum, barnavögnum og farartækjum fyrir hreyfihamlaða"
"35430","Framleiðsla og viðgerðir farartækja fyrir fatlaða","30920","Framleiðsla á reiðhjólum, barnavögnum og farartækjum fyrir hreyfihamlaða"
"35430","Framleiðsla og viðgerðir farartækja fyrir fatlaða","95290","Viðgerðir á öðrum hlutum til einka- og heimilisnota"
"35500","Framleiðsla og viðgerðir annarra ótalinna farartækja","33170","Viðgerðir og viðhald á öðrum ótöldum flutningatækjum"
"35500","Framleiðsla og viðgerðir annarra ótalinna farartækja","30990","Framleiðsla annarra ótaldra farartækja"
"36110","Sófa- og stólaframleiðsla; bólstrun","31010","Framleiðsla á húsgögnum og innréttingum fyrir atvinnuhúsnæði"
"36110","Sófa- og stólaframleiðsla; bólstrun","31020","Framleiðsla á húsgögnum og innréttingum í eldhús"
"36110","Sófa- og stólaframleiðsla; bólstrun","31090","Framleiðsla á öðrum húsgögnum og innréttingum"
"36110","Sófa- og stólaframleiðsla; bólstrun","95240","Viðgerðir á húsgögnum og áklæðum"
"36120","Framleiðsla á skrifstofu- og verslunarhúsgögnum, þó ekki stólum","31010","Framleiðsla á húsgögnum og innréttingum fyrir atvinnuhúsnæði"
"36130","Innréttingasmíði","31020","Framleiðsla á húsgögnum og innréttingum í eldhús"
"45430","Lagning gólf- og veggefna, þó ekki úr viði","43330","Lagning gólfefna og veggefna"
"45441","Málningarvinna","43341","Málningarvinna"
"45442","Glerjun","43342","Glerjun"
"45450","Annar frágangur bygginga","43390","Annar frágangur bygginga"
"45500","Leiga á vinnuvélum með stjórnanda","43990","Önnur ótalin sérhæfð byggingarstarfsemi"
"50101","Bílasala með nýja bíla","45110","Bílasala"
"50101","Bílasala með nýja bíla","45199","Sala á öðrum ótöldum vélknúnum ökutækjum og tengivögnum"
"50102","Bílasala með notaða bíla","45110","Bílasala"
"50102","Bílasala með notaða bíla","45199","Sala á öðrum ótöldum vélknúnum ökutækjum og tengivögnum"
"50200","Bílaviðgerðir og viðhald; hjólbarðaviðgerðir","52210","Þjónustustarfsemi tengd flutningum á landi"
"50300","Sala vara- og fylgihluta í bíla","45310","Heildverslun með varahluti og aukabúnað í bíla"
"50300","Sala vara- og fylgihluta í bíla","45320","Smásala á varahlutum og aukabúnaði í bíla"
"50400","Sala, viðhald og viðgerðir vélhjóla og torfærutækja,  auka- og varahluta í þau","45400","Sala, viðhald og viðgerðir vélhjóla og hluta og aukabúnaðar til þeirra"
"50500","Bensínstöðvar","47300","Bensínstöðvar"
"51110","Umboðsverslun með hráefni úr landbúnaði, lífdýr, hráefni til vefjariðnaðar og hálfunna vöru","46110","Umboðsverslun með hráefni úr landbúnaði, lifandi dýr, textílhráefni og hálfunna vöru"
"51120","Umboðsverslun með eldsneyti, málmgrýti, málma og efnavöru","46120","Umboðsverslun með eldsneyti, málmgrýti, málma og íðefni til iðnaðarnota"
"51130","Umboðsverslun með timbur og byggingarefni","46130","Umboðsverslun með timbur og byggingarefni"
"51140","Umboðsverslun með vélar og vélbúnað, iðnaðarvélar, skip og loftför","46140","Umboðsverslun með vélar, iðnaðarvélar, skip og loftför"
"51150","Umboðsverslun með húsgögn, heimilisbúnað, járnvöru og verkfæri","46150","Umboðsverslun með húsgögn, heimilisbúnað og járnvörur"
"51160","Umboðsverslun með vefnaðarvöru, fatnað, skófatnað og leðurvöru","46160","Umboðsverslun með textílefni, fatnað, loðfelda, skófatnað og leðurvörur"
"51171","Umboðsverslun með fisk og fiskafurðir","46171","Umboðsverslun með fisk og fiskafurðir"
"51172","Fiskmarkaðir","46172","Fiskmarkaðir"
"51179","Umboðsverslun með aðra matvöru en fisk, drykkjarvöru og tóbak","46179","Umboðsverslun með aðra matvöru, drykkjarvöru og tóbak"
"51180","Umboðsverslun með aðra tiltekna vöru og vöruflokka","46180","Umboðsverslun sem sérhæfir sig í sölu á öðrum tilteknum vörum eða vöruflokkum"
"51190","Umboðsverslun með margs konar vöru","46190","Blönduð umboðsverslun"
"51210","Heildverslun með korn, fræ og dýrafóður","46210","Heildverslun með korn, óunnið tóbak, fræ og dýrafóður"
"51220","Heildverslun með blóm og plöntur","46220","Heildverslun með blóm og plöntur"
"51230","Heildverslun með lífdýr","46230","Heildverslun með lifandi dýr"
"51240","Heildverslun með húðir, skinn og leður","46240","Heildverslun með húðir, skinn og leður"
"51250","Heildverslun með óunnið tóbak","46210","Heildverslun með korn, óunnið tóbak, fræ og dýrafóður"
"51310","Heildverslun með ávexti og grænmeti","46310","Heildverslun með ávexti og grænmeti"
"51320","Heildverslun með kjöt og kjötvöru","46320","Heildverslun með kjöt og kjötvöru"
"51330","Heildverslun með mjólkurafurðir, egg, olíu til manneldis og feiti","46330","Heildverslun með mjólkurafurðir, egg, matarolíu og -feiti"
"51340","Heildverslun með áfengi og aðra drykkjarvöru","46340","Heildverslun með drykkjarvörur"
"51350","Heildverslun með tóbaksvöru","46350","Heildverslun með tóbaksvöru"
"51360","Heildverslun með sykur, súkkulaði og sælgæti","46360","Heildverslun með sykur, súkkulaði og sælgæti"
"51370","Heildverslun með kaffi, te, kakó og krydd","46370","Heildverslun með kaffi, te, kakó og krydd"
"51380","Heildverslun með fisk og fiskafurðir","46381","Heildverslun með fisk og fiskafurðir"
"51390","Heildverslun með önnur matvæli, drykkjarvöru og tóbak","46390","Blönduð heildverslun með matvæli, drykkjarvöru og tóbak"
"51410","Heildverslun með vefnaðarvöru","46410","Heildverslun með textílvöru"
"51421","Heildverslun með fatnað","46420","Heildverslun með fatnað og skófatnað"
"51422","Heildverslun með skófatnað","46420","Heildverslun með fatnað og skófatnað"
"51430","Heildverslun með heimilistæki, útvarps- og sjónvarpstæki, lampa, rafmagnstæki o.þ.h.","46430","Heildverslun með heimilistæki, útvörp, sjónvörp og tengdar vörur"
"51441","Heildverslun með postulín og glervöru","46441","Heildverslun með postulín og glervöru"
"51442","Heildverslun með  hreingerningarefni","46442","Heildverslun með hreingerningarefni"
"51450","Heildverslun með ilmvatn og snyrtivöru","46450","Heildverslun með ilmvötn og snyrtivörur"
"51460","Heildverslun með lyf og lækningavörur","46460","Heildverslun með lyf og lækningavörur"
"51471","Heildverslun með húsgögn","46470","Heildverslun með húsgögn, teppi og ljósabúnað"
"51472","Heildverslun með teppi og önnur gólfefni","46470","Heildverslun með húsgögn, teppi og ljósabúnað"
"51473","Heildverslun með úr, sjóntæki og ljósmyndavörur","46480","Heildverslun með úr og skartgripi"
"51474","Heildverslun með leikföng","46490","Heildverslun með aðrar vörur til heimilisnota"
"51475","Heildverslun með bækur, blöð og ritföng","46490","Heildverslun með aðrar vörur til heimilisnota"
"51479","Heildverslun með annan ótalinn varning til heimilisnota","46490","Heildverslun með aðrar vörur til heimilisnota"
"51510","Heildverslun með fast, fljótandi og gaskennt eldsneyti og skyldar vörur","46710","Heildverslun með fast, fljótandi og loftkennt eldsneyti og skyldar vörur"
"51520","Heildverslun með óunna málma og málmgrýti","46720","Heildverslun með málma og málmgrýti"
"51530","Heildverslun með timbur, byggingarefni og málningu","46730","Heildverslun með timbur, byggingarefni og hreinlætistæki"
"51540","Heildverslun með járnvöru, vöru til pípu- og hitalagna og búnað til þeirra","46740","Heildverslun með járnvöru, búnað til pípu- og hitalagna og hluti til þeirra"
"51550","Heildverslun með efnavöru","46750","Heildverslun með efnavörur"
"51550","Heildverslun með efnavöru","46760","Heildverslun með aðrar hálfunnar vörur"
"51560","Heildverslun með önnur hráefni og hálfunnin efni","46760","Heildverslun með aðrar hálfunnar vörur"
"51570","Heildverslun með úrgangsefni og brotajárn","46770","Heildverslun með úrgangsefni og brotajárn"
"51610","Heildverslun með smíðavélar til málm- og trésmíða","46620","Heildverslun með smíðavélar"
"51620","Heildverslun með vélar til mannvirkjagerðar","46630","Heildverslun með vélbúnað til námavinnslu, byggingarstarfsemi og mannvirkjagerðar"
"51630","Heildverslun með vélar til vefjariðnaðar og sauma- og prjónavélar","46640","Heildverslun með vélar til textíliðnaðar, sauma- og prjónavélar"
"51641","Heildverslun með tölvur, ritvélar o.þ.h.","46510","Heildverslun með tölvur, jaðartæki fyrir tölvur og hugbúnað"
"51642","Heildverslun með skrifstofubúnað","46650","Heildverslun með skrifstofuhúsgögn"
"51642","Heildverslun með skrifstofubúnað","46660","Heildverslun með aðrar skrifstofuvélar og tæki"
"51660","Heildverslun með landbúnaðarvélar og -tæki og hluti til þeirra","46610","Heildverslun með landbúnaðarvélar, -tæki og hluti til þeirra"
"51700","Önnur heildverslun","46900","Blönduð heildverslun"
"52111","Stórmarkaðir með minnst 400 m² verslunarrými","47111","Stórmarkaðir og matvöruverslanir"
"52112","Matvöruverslun með minna en 400 m² verslunarrými","47111","Stórmarkaðir og matvöruverslanir"
"52113","Söluturnar","47112","Söluturnar"
"52120","Önnur blönduð smásala","47190","Önnur blönduð smásala"
"52210","Ávaxta- og grænmetisverslun","47210","Smásala á ávöxtum og grænmeti í sérverslunum"
"52220","Kjötbúðir","47220","Smásala á kjöti og kjötvöru í sérverslunum"
"52230","Fiskbúðir","47230","Fiskbúðir"
"52240","Smásala á brauði, kökum og  sætabrauði","47240","Smásala á brauði, kökum, sætabrauði og sælgæti í sérverslunum"
"52250","Áfengisverslun","47250","Smásala á drykkjarvöru í sérverslunum"
"52260","Tóbaksverslun","47260","Smásala á tóbaksvörum í sérverslunum"
"52270","Önnur smásala á matvöru, drykkjarvöru og tóbaki í sérverslunum","47290","Önnur smásala á matvælum í sérverslunum"
"52310","Apótek","47730","Lyfjaverslanir"
"52320","Smásala lækninga- og hjúkrunarvöru","47740","Smásala á lækninga- og hjúkrunarvörum í sérverslunum"
"52330","Snyrtivöru- og sápuverslun","47750","Smásala á snyrtivörum og sápum í sérverslunum"
"52410","Vefnaðarvöruverslun","47510","Smásala á textílvörum í sérverslunum"
"52421","Kvenfataverslun","47711","Fataverslanir"
"52422","Herrafataverslun","47711","Fataverslanir"
"52423","Barnafataverslun","47712","Barnafataverslanir"
"52424","Blönduð fataverslun","47711","Fataverslanir"
"52431","Skóverslun","47721","Smásala á skófatnaði í sérverslunum"
"52432","Leðurvöruverslun","47722","Smásala á leðurvörum í sérverslunum"
"52441","Húsgagnaverslun","47591","Smásala á húsgögnum í sérverslunum"
"52442","Teppaverslun","47530","Smásala á teppum, mottum, gluggatjöldum, vegg- og gólfefnum í sérverslunum"
"52443","Gluggatjaldaverslun","47530","Smásala á teppum, mottum, gluggatjöldum, vegg- og gólfefnum í sérverslunum"
"52444","Lampa- og raftækjaverslun","47592","Smásala á ljósabúnaði í sérverslunum"
"52445","Búsáhaldaverslun","47599","Smásala á öðrum ótöldum heimilisbúnaði í sérverslunum"
"52451","Smásala á heimilistækjum","47540","Smásala á heimilistækjum í sérverslunum"
"52452","Smásala á útvarps- og sjónvarpstækjum","47430","Smásala á hljóð- og myndbandsbúnaði í sérverslunum"
"52453","Smásala á hljómplötum, geisladiskum o.þ.h.","47630","Smásala á tónlistar- og myndupptökum í sérverslunum"
"52454","Hljóðfæraverslun","47593","Smásala á hljóðfærum í sérverslunum"
"52459","Smásala á heimilistækjum, útvarps- og sjónvarpstækjum","47430","Smásala á hljóð- og myndbandsbúnaði í sérverslunum"
"52462","Málningar- og veggfóðurverslun","47530","Smásala á teppum, mottum, gluggatjöldum, vegg- og gólfefnum í sérverslunum"
"52470","Bóka- og ritfangaverslun","47610","Smásala á bókum í sérverslunum"
"52470","Bóka- og ritfangaverslun","47620","Smásala á dagblöðum og ritföngum í sérverslunum"
"52481","Gleraugna- og sjóntækjaverslun","47781","Smásala á gleraugum og sjóntækjum í sérverslunum"
"52482","Ljósmyndavöruverslun","47782","Smásala á ljósmyndavörum í sérverslunum"
"52483","Skartgripaverslun","47770","Smásala á úrum og skartgripum í sérverslunum"
"52484","Úraverslun","47770","Smásala á úrum og skartgripum í sérverslunum"
"52485","Gjafavöruverslun","47789","Önnur ótalin smásala á nýjum vörum í sérverslunum"
"52486","Sportvöruverslun","47640","Smásala á íþrótta- og tómstundabúnaði í sérverslunum"
"52487","Leikfangaverslun","47650","Smásala á spilum og leikföngum í sérverslunum"
"52488","Blómaverslun","47761","Smásala á blómum, plöntum, fræjum og áburði í sérverslunum"
"52489","Garðplöntustöðvar; túnþökusala","47761","Smásala á blómum, plöntum, fræjum og áburði í sérverslunum"
"52491","Gæludýraverslun","47762","Smásala á gæludýrum og gæludýrafóðri í sérverslunum"
"52492","Listmuna- og listaverkaverslun; gallerí","47783","Starfsemi listmunahúsa og listaverkasala"
"52493","Smásala á tölvum, skrifstofuvélum,  símum og fjarskiptabúnaði","47420","Smásala á fjarskiptabúnaði í sérverslunum"
"52493","Smásala á tölvum, skrifstofuvélum,  símum og fjarskiptabúnaði","47410","Smásala á tölvum, jaðarbúnaði og hugbúnaði í sérverslunum"
"52494","Smásala á  tjaldvögnum","45191","Sala á húsbílum og húsvögnum"
"52495","Smásala á reiðhjólum","47640","Smásala á íþrótta- og tómstundabúnaði í sérverslunum"
"52496","Smásala á barnavögnum og búnaði fyrir smábörn","47789","Önnur ótalin smásala á nýjum vörum í sérverslunum"
"52499","Önnur ótalin smásala í sérverslunum","47789","Önnur ótalin smásala á nýjum vörum í sérverslunum"
"52500","Smásala með notaða muni í verslunum","47790","Smásala á notuðum vörum í verslunum"
"52610","Póstverslun og önnur fjarverslun","47910","Smásala póstverslana eða um Netið"
"52620","Markaðir","47810","Smásala á mat-, drykkjar- og tóbaksvörum úr söluvögnum og á mörkuðum"
"52620","Markaðir","47820","Smásala á textílvörum, fatnaði og skófatnaði úr söluvögnum og á mörkuðum"
"52620","Markaðir","47890","Smásala á öðrum vörum úr söluvögnum og á mörkuðum"
"52630","Önnur smásala utan verslana","47790","Smásala á notuðum vörum í verslunum"
"52630","Önnur smásala utan verslana","47910","Smásala póstverslana eða um Netið"
"52630","Önnur smásala utan verslana","47990","Önnur smásala, ekki í verslunum, úr söluvögnum eða á mörkuðum"
"52710","Viðgerðir á skóm og öðrum leðurvörum","95230","Viðgerðir á skófatnaði og leðurvörum"
"52720","Viðgerðir á rafmagnsheimilistækjum","95220","Viðgerðir á heimilistækjum og heimilis- og garðyrkjuáhöldum"
"52720","Viðgerðir á rafmagnsheimilistækjum","95210","Viðgerðir á sjónvarps-, útvarps- og hljómtækjum og skyldum búnaði"
"52730","Viðgerðir á úrum, klukkum og skartgripum","95250","Viðgerðir á úrum, klukkum og skartgripum"
"52740","Aðrar ótaldar viðgerðir á hlutum til einkanota og heimilisnota","95290","Viðgerðir á öðrum hlutum til einka- og heimilisnota"
"55110","Hótel með veitingasölu","55101","Hótel og gistiheimili með veitingaþjónustu"
"55120","Hótel og gistiheimili án veitingasölu","55102","Hótel og gistiheimili án veitingaþjónustu"
"55210","Farfuglaheimili og fjallaskálar","55200","Orlofsdvalarstaðir og annars konar gistiaðstaða"
"55220","Tjaldstæði, þ. á m. hjólhýsastæði","55300","Tjaldsvæði, svæði fyrir húsbíla og hjólhýsi"
"55230","Bændagisting, orlofshúsasvæði og önnur ótalin gisting","55200","Orlofsdvalarstaðir og annars konar gistiaðstaða"
"55230","Bændagisting, orlofshúsasvæði og önnur ótalin gisting","55900","Önnur gistiaðstaða"
"55301","Matsölustaðir","56100","Veitingastaðir"
"55302","Skemmtistaðir með matsölu","56100","Veitingastaðir"
"55400","Krár, kaffihús, dansstaðir o.fl.","56300","Krár, kaffihús og dansstaðir o.þ.h."
"55510","Mötuneyti","56290","Önnur ótalin veitingaþjónusta"
"55520","Sala á tilbúnum mat","56210","Veisluþjónusta"
"60100","Járnbrautasamgöngur","49100","Farþegaflutningar með járnbrautarlestum milli borga"
"60100","Járnbrautasamgöngur","49200","Vöruflutningar með járnbrautarlestum"
"60210","Akstur strætisvagna og  áætlunarbíla","49310","Farþegaflutningar á landi, innanbæjar og í úthverfum"
"60210","Akstur strætisvagna og  áætlunarbíla","49390","Aðrir farþegaflutningar á landi"
"60220","Akstur leigubíla","49320","Rekstur leigubíla"
"60230","Aðrir farþegaflutningar á vegum","49390","Aðrir farþegaflutningar á landi"
"60241","Akstur sendibíla","49411","Akstur sendibíla"
"60241","Akstur sendibíla","49420","Flutningsþjónusta"
"60242","Akstur vörubíla","49412","Akstur vörubíla"
"60242","Akstur vörubíla","49420","Flutningsþjónusta"
"60243","Akstur flutningabíla","49419","Aðrir vöruflutningar á vegum"
"60243","Akstur flutningabíla","49420","Flutningsþjónusta"
"60300","Flutningur eftir leiðslum","49500","Flutningar eftir leiðslum"
"61100","Millilanda- og strandsiglingar","50100","Millilanda- og strandsiglingar með farþega"
"61100","Millilanda- og strandsiglingar","50200","Millilanda- og strandsiglingar með vörur"
"61200","Samgöngur á vatnaleiðum","50300","Farþegaflutningar á skipgengum vatnaleiðum"
"61200","Samgöngur á vatnaleiðum","50400","Vöruflutningar á skipgengum vatnaleiðum"
"62100","Áætlunarflug","51210","Vöruflutningar með flugi"
"62100","Áætlunarflug","51101","Farþegaflutningar með áætlunarflugi"
"62200","Leiguflug og þjónustuflug","51210","Vöruflutningar með flugi"
"62200","Leiguflug og þjónustuflug","51102","Farþegaflutningar með leiguflugi"
"62300","Geimferðir","51220","Geimferðir"
"63110","Vöruafgreiðsla","52240","Vöruafgreiðsla"
"63120","Vörugeymslur","52100","Vörugeymsla"
"63210","Bílastöðvar; önnur þjónusta tengd flutningum á landi","52210","Þjónustustarfsemi tengd flutningum á landi"
"63220","Önnur þjónusta tengd flutningum á sjó og vatnaleiðum","52220","Þjónustustarfsemi tengd flutningum á sjó og vatni"
"63230","Önnur þjónusta tengd flutningum í lofti","52230","Þjónustustarfsemi tengd flutningum með flugi"
"63300","Rekstur ferðaskrifstofa og önnur ótalin ferðaþjónusta","79110","Ferðaskrifstofur"
"63300","Rekstur ferðaskrifstofa og önnur ótalin ferðaþjónusta","79120","Ferðaskipuleggjendur"
"63300","Rekstur ferðaskrifstofa og önnur ótalin ferðaþjónusta","79900","Önnur bókunarþjónusta og önnur starfsemi tengd ferðaþjónustu"
"63400","Önnur flutningamiðlun","52290","Önnur þjónusta tengd flutningum"
"64110","Almenn póstþjónusta","53100","Almenn póstþjónusta"
"64120","Boðberaþjónusta, þó ekki almenn póstþjónusta","53200","Önnur póst- og boðberaþjónusta"
"64200","Síma- og fjarskiptaþjónusta","61100","Fjarskipti um streng"
"64200","Síma- og fjarskiptaþjónusta","61200","Þráðlaus fjarskipti"
"64200","Síma- og fjarskiptaþjónusta","61300","Gervihnattafjarskipti"
"64200","Síma- og fjarskiptaþjónusta","61900","Önnur fjarskiptastarfsemi"
"65110","Rekstur seðlabanka","64110","Starfsemi seðlabanka"
"65120","Rekstur banka og sparisjóða","64190","Önnur fjármálafyrirtæki"
"65210","Eignarleiga","64910","Fjármögnunarleiga"
"65221","Fjárfestingarlánasjóðir","64920","Önnur lánaþjónusta"
"65222","Starfsemi greiðslukortafyrirtækja","64920","Önnur lánaþjónusta"
"65231","Verðbréfasjóðir","64300","Fjárvörslusjóðir, sjóðir og önnur sérhæfð fjársýslufélög"
"65231","Verðbréfasjóðir","64200","Starfsemi eignarhaldsfélaga"
"65239","Önnur ótalin fjármálastarfsemi","64990","Önnur ótalin fjármálaþjónusta, þó ekki vátryggingafélög og lífeyrissjóðir"
"65239","Önnur ótalin fjármálastarfsemi","64300","Fjárvörslusjóðir, sjóðir og önnur sérhæfð fjársýslufélög"
"65239","Önnur ótalin fjármálastarfsemi","64200","Starfsemi eignarhaldsfélaga"
"74840","Önnur ótalin viðskipti og sérhæfð þjónusta","77400","Leiga á hugverkum og skyldum eignum sem ekki njóta höfundarréttar"
"66010","Líftryggingar","65110","Líftryggingar"
"66010","Líftryggingar","65200","Endurtryggingar"
"66021","Sameignarsjóðir","65300","Lífeyrissjóðir"
"66022","Séreignarsjóðir","65300","Lífeyrissjóðir"
"66029","Aðrar lífeyristryggingar","65300","Lífeyrissjóðir"
"66030","Skaðatryggingar","65120","Skaðatryggingar"
"66030","Skaðatryggingar","65200","Endurtryggingar"
"67110","Kauphallarstarfsemi","66110","Stjórnun fjármálamarkaða"
"67120","Verðbréfamiðlun","66120","Starfsemi við miðlun verðbréfa og hrávörusamninga"
"67120","Verðbréfamiðlun","66300","Stýring verðbréfasjóða"
"67130","Önnur ótalin starfsemi tengd fjármálaþjónustu","66190","Önnur ótalin starfsemi tengd fjármálaþjónustu, þó ekki vátryggingafélögum og lífeyrissjóðum"
"67200","Starfsemi tengd vátryggingafélögum og lífeyrissjóðum","66290","Önnur starfsemi tengd vátryggingum og lífeyrissjóðum"
"67200","Starfsemi tengd vátryggingafélögum og lífeyrissjóðum","66210","Áhættu- og tjónamat"
"67200","Starfsemi tengd vátryggingafélögum og lífeyrissjóðum","66220","Starfsemi umboðsmanna og miðlara í vátryggingum"
"70110","Lóða- og byggingarumsýsla, fjármögnun og sala fasteigna","41100","Þróun byggingarverkefna"
"70120","Kaup og sala á eigin fasteignum","68100","Kaup og sala á eigin fasteignum"
"70201","Leiga íbúðarhúsnæðis","68201","Leiga íbúðarhúsnæðis"
"70202","Leiga atvinnuhúsnæðis","68202","Leiga atvinnuhúsnæðis"
"70203","Leiga á landi og landréttindum","93190","Önnur íþróttastarfsemi"
"70310","Fasteignamiðlun","68310","Fasteignamiðlun"
"70321","Starfsemi húsfélaga íbúðareigenda","94991","Starfsemi húsfélaga íbúðareigenda"
"70329","Annar fasteignarekstur","68320","Fasteignarekstur gegn þóknun eða samkvæmt samningi"
"70329","Annar fasteignarekstur","81100","Blönduð fasteignarumsýsla"
"71100","Bílaleiga","77110","Leiga á bifreiðum og léttum vélknúnum ökutækjum"
"71210","Leiga annarra tækja til landflutninga","77120","Leiga á vörubifreiðum"
"71220","Báta- og skipaleiga","77340","Leiga á búnaði til flutninga á sjó- og vatnaleiðum"
"71230","Leiga á loftförum","77350","Leiga á loftförum"
"71310","Leiga landbúnaðarvéla og -tækja","77310","Leiga á landbúnaðarvélum og -tækjum"
"71320","Leiga vinnuvéla og tækja til byggingariðnaðar","77320","Leiga á vinnuvélum og tækjum til byggingaframkvæmda og mannvirkjagerðar"
"71330","Leiga á skrifstofuvélum og tölvum","77330","Leiga á tölvum, skrifstofuvélum og -búnaði"
"71340","Önnur ótalin véla- og tækjaleiga","77390","Leiga á öðrum ótöldum vélum og búnaði"
"71401","Myndbandaleiga","77220","Leiga á myndböndum og -diskum"
"71409","Leiga á öðrum ótöldum munum til einka- og heimilisnota","77210","Leiga á tómstunda- og íþróttavörum"
"71409","Leiga á öðrum ótöldum munum til einka- og heimilisnota","77290","Leiga á öðrum ótöldum munum til einka- og heimilisnota"
"72100","Ráðgjöf varðandi tölvuvélbúnað","62020","Ráðgjafarstarfsemi á sviði upplýsingatækni"
"72200","Hugbúnaðargerð; ráðgjöf varðandi hugbúnað","62010","Hugbúnaðargerð"
"72200","Hugbúnaðargerð; ráðgjöf varðandi hugbúnað","62020","Ráðgjafarstarfsemi á sviði upplýsingatækni"
"72300","Gagnavinnsla","62030","Rekstur tölvukerfa"
"72300","Gagnavinnsla","63110","Gagnavinnsla, hýsing og tengd starfsemi"
"72400","Rekstur gagnabanka","63120","Vefgáttir"
"72400","Rekstur gagnabanka","63110","Gagnavinnsla, hýsing og tengd starfsemi"
"72400","Rekstur gagnabanka","58190","Önnur útgáfustarfsemi"
"72400","Rekstur gagnabanka","58120","Útgáfa skráa og póstlista"
"72500","Viðhald og viðgerðir á skrifstofu- og bókhaldsvélum og tölvum","33120","Viðgerðir á vélbúnaði"
"72500","Viðhald og viðgerðir á skrifstofu- og bókhaldsvélum og tölvum","95110","Viðgerðir á tölvum og jaðarbúnaði"
"72600","Önnur starfsemi tengd tölvum og gagnavinnslu","62090","Önnur þjónustustarfsemi á sviði upplýsingatækni"
"73100","Rannsóknir og þróunarstarf í raun- og tæknivísindum","72110","Rannsóknir og þróunarstarf í líftækni"
"73100","Rannsóknir og þróunarstarf í raun- og tæknivísindum","72190","Aðrar rannsóknir og þróunarstarf í raunvísindum og verkfræði"
"73200","Rannsóknir og þróunarstarf í félags- og hugvísindum","72200","Rannsóknir og þróunarstarf í félags- og hugvísindum"
"74110","Lögfræðiþjónusta","69100","Lögfræðiþjónusta"
"74120","Bókhaldsþjónusta, endurskoðun og skattaráðgjöf","69200","Reikningshald, bókhald og endurskoðun; skattaráðgjöf"
"74130","Markaðsrannsóknir og skoðanakannanir","73200","Markaðsrannsóknir og skoðanakannanir"
"74141","Landbúnaðarráðunautar","70220","Viðskiptaráðgjöf og önnur rekstrarráðgjöf"
"74149","Rekstrarráðgjöf, þó ekki í landbúnaði","70210","Almannatengsl"
"74149","Rekstrarráðgjöf, þó ekki í landbúnaði","70220","Viðskiptaráðgjöf og önnur rekstrarráðgjöf"
"74150","Rekstur eignarhaldsfélaga","64200","Starfsemi eignarhaldsfélaga"
"74150","Rekstur eignarhaldsfélaga","70100","Starfsemi höfuðstöðva"
"74201","Verkfræðiráðgjöf og önnur tækniráðgjöf við byggingarframkvæmdir og mannvirkjagerð","71121","Starfsemi verkfræðinga og skyld tæknileg ráðgjöf"
"74202","Verkfræðiráðgjöf varðandi framleiðslu- og véltækni","71121","Starfsemi verkfræðinga og skyld tæknileg ráðgjöf"
"74203","Starfsemi arkitekta og tækniráðgjöf tengd byggingum","71110","Starfsemi arkitekta og skyld tæknileg ráðgjöf"
"74204","Jarðfræðilegar rannsóknir og könnun jarðefna","71122","Starfsemi á sviði landmælinga; jarðfræðilegar rannsóknir"
"74205","Könnun lands","71122","Starfsemi á sviði landmælinga; jarðfræðilegar rannsóknir"
"74206","Einkaleyfisskrifstofur","74900","Önnur ótalin sérfræðileg, vísindaleg og tæknileg starfsemi"
"74209","Önnur tækniráðgjöf verkfræðinga og tæknifræðinga","71121","Starfsemi verkfræðinga og skyld tæknileg ráðgjöf"
"74300","Tæknilegar prófanir og greining","71200","Tæknilegar prófanir og greining"
"74401","Starfsemi auglýsingastofa","73110","Auglýsingastofur"
"74409","Önnur auglýsingastarfsemi","73120","Auglýsingamiðlun"
"74500","Vinnumiðlun og ráðningarþjónusta","78100","Ráðningarstofur"
"74500","Vinnumiðlun og ráðningarþjónusta","78200","Starfsmannaleigur"
"74500","Vinnumiðlun og ráðningarþjónusta","78300","Önnur þjónusta tengd starfsmannahaldi"
"74600","Eftirgrennslan og öryggisþjónusta","80100","Einkarekin öryggisþjónusta"
"74600","Eftirgrennslan og öryggisþjónusta","80200","Starfsemi við öryggiskerfaþjónustu"
"74600","Eftirgrennslan og öryggisþjónusta","80300","Rannsóknarstarfsemi"
"74700","Ræstingar, sótthreinsun og meindýraeyðing","81210","Almenn þrif bygginga"
"74700","Ræstingar, sótthreinsun og meindýraeyðing","81220","Önnur þrif á byggingum og í iðnaði"
"74700","Ræstingar, sótthreinsun og meindýraeyðing","81290","Önnur ótalin hreingerningarþjónusta"
"74810","Ljósmyndaþjónusta","74200","Ljósmyndaþjónusta"
"74820","Pökkunarstarfsemi","82920","Pökkunarstarfsemi"
"74831","Þýðingar og túlkun","74300","Þýðingar- og túlkunarþjónusta"
"74832","Skrifstofuþjónusta","82110","Blönduð skrifstofuþjónusta"
"74832","Skrifstofuþjónusta","82190","Ljósritun, meðferð skjala og önnur sérhæfð skrifstofuþjónusta"
"74840","Önnur ótalin viðskipti og sérhæfð þjónusta","63990","Önnur ótalin starfsemi á sviði upplýsingaþjónustu"
"74840","Önnur ótalin viðskipti og sérhæfð þjónusta","74100","Sérhæfð hönnun"
"74840","Önnur ótalin viðskipti og sérhæfð þjónusta","74900","Önnur ótalin sérfræðileg, vísindaleg og tæknileg starfsemi"
"74840","Önnur ótalin viðskipti og sérhæfð þjónusta","82300","Skipulagning á ráðstefnum og vörusýningum"
"74840","Önnur ótalin viðskipti og sérhæfð þjónusta","82910","Innheimtuþjónusta og upplýsingar um lánstraust"
"74840","Önnur ótalin viðskipti og sérhæfð þjónusta","82990","Önnur ótalin þjónusta við atvinnurekstur"
"75110","Almenn stjórnsýsla og löggjöf","84110","Almenn stjórnsýsla og löggjöf"
"75120","Stjórnsýsla á sviði heilbrigðisþjónustu, mennta- og menningarmála og félagsmála, þó ekki almannatryggingar","84120","Stjórnsýsla á sviði heilbrigðisþjónustu, mennta- og menningarmála og félagsmála, þó ekki almannatryggingar"
"75130","Stjórnsýsla í þágu atvinnuveganna","84130","Stjórnsýsla í þágu atvinnuveganna"
"75140","Þjónustustarfsemi fyrir hið opinbera","81100","Blönduð fasteignarumsýsla"
"75140","Þjónustustarfsemi fyrir hið opinbera","84110","Almenn stjórnsýsla og löggjöf"
"75210","Utanríkisþjónusta","84210","Utanríkisþjónusta"
"75220","Varnarmál","84220","Varnarmál"
"75230","Dómstólar og fangelsi","84230","Dómstólar og fangelsi"
"75240","Löggæsla","84240","Löggæsla og almannaöryggi"
"75250","Slökkviliðs- og björgunarstarfsemi","84250","Slökkviliðs- og björgunarstarfsemi"
"75300","Almannatryggingar","84300","Almannatryggingar"
"85322","Leikskólar og önnur dagvistun barna","88911","Starfsemi dagmæðra og önnur dagvistun ungbarna"
"80100","Fræðslustarfsemi á grunnskólastigi","85200","Fræðslustarfsemi á grunnskólastigi"
"80210","Fræðslustarfsemi á framhaldsskólastigi - bóknám","85310","Fræðslustarfsemi á framhaldsskólastigi - bóknám"
"80220","Fræðslustarfsemi á framhaldsskólastigi - iðn- og verknám","85320","Fræðslustarfsemi á framhaldsskólastigi – iðn- og verknám"
"80300","Fræðslustarfsemi á æðra námsstigi","85410","Fræðslustarfsemi á viðbótarstigi"
"80300","Fræðslustarfsemi á æðra námsstigi","85420","Fræðslustarfsemi á háskólastigi"
"80410","Ökuskólar, flugskólar o.fl.","85530","Ökuskólar, flugskólar o.þ.h."
"80421","Öldungadeildir framhaldsskóla","85320","Fræðslustarfsemi á framhaldsskólastigi – iðn- og verknám"
"80429","Önnur fullorðinsfræðsla og ótalin fræðsla","85510","Íþrótta- og tómstundakennsla"
"80422","Tónlistarskólar","85520","Listnám"
"80429","Önnur fullorðinsfræðsla og ótalin fræðsla","85600","Þjónusta við fræðslustarfsemi"
"85111","Deildskipt sjúkrahús","86100","Sjúkrahús"
"85112","Sjúkrahús með takmarkaða sérfræðiþjónustu","86100","Sjúkrahús"
"85113","Endurhæfing","86100","Sjúkrahús"
"85115","Áfengismeðferð","86100","Sjúkrahús"
"85121","Heilsugæsla","86210","Heilsugæsla og heimilislækningar"
"85122","Sérfræðiþjónusta lækna","86220","Sérfræðilækningar"
"85131","Tannlækningar","86230","Tannlækningar"
"85132","Tannsmíðar","32500","Framleiðsla á tækjum og vörum til lækninga og tannlækninga"
"85141","Starfsemi sjúkraþjálfara","86901","Starfsemi sjúkraþjálfara"
"85142","Starfsemi sálfræðinga","86902","Starfsemi sálfræðinga"
"85143","Rannsóknarstofur í læknisfræði","86903","Rannsóknarstofur í læknisfræði"
"85144","Sjúkraflutningar","86909","Önnur ótalin heilbrigðisþjónusta"
"85114","Hjúkrunarvistun","87100","Dvalarheimili með hjúkrun"
"85149","Önnur heilbrigðisþjónusta","86909","Önnur ótalin heilbrigðisþjónusta"
"85200","Dýralækningar","75000","Dýralækningar"
"85311","Heimili fyrir börn og unglinga","87900","Önnur ótalin dvalarheimili"
"85312","Vistun á einkaheimilum","87900","Önnur ótalin dvalarheimili"
"85313","Dvalarheimili fyrir aldraða","87301","Dvalarheimili fyrir aldraða"
"85314","Heimili fyrir fatlaða","87302","Heimili fyrir fatlaða"
"85315","Stofnanir fyrir fíkniefnaneytendur og áfengissjúklinga","87200","Dvalarheimili á sviði þroskahömlunar, geðheilbrigðis og vímuefnamisnotkunar"
"85319","Aðrar stofnanir","87200","Dvalarheimili á sviði þroskahömlunar, geðheilbrigðis og vímuefnamisnotkunar"
"85319","Aðrar stofnanir","87900","Önnur ótalin dvalarheimili"
"85321","Daggæsla í heimahúsum","88911","Starfsemi dagmæðra og önnur dagvistun ungbarna"
"85323","Skóladagheimili","88912","Starfsemi skóladagheimila og frístundaheimila"
"85324","Félagsmiðstöðvar og æskulýðsstarfsemi","88990","Önnur ótalin félagsþjónusta án dvalar á stofnun"
"85325","Heimaþjónusta","88100","Félagsþjónusta án gistiaðstöðu fyrir aldraða og fatlaða"
"85326","Dagvistun fyrir fullorðna","88100","Félagsþjónusta án gistiaðstöðu fyrir aldraða og fatlaða"
"85327","Þjálfunarstöðvar, verndaðir vinnustaðir o.þ.h.","88100","Félagsþjónusta án gistiaðstöðu fyrir aldraða og fatlaða"
"85328","Líknarfélög og annað hjálparstarf félagssamtaka","88990","Önnur ótalin félagsþjónusta án dvalar á stofnun"
"85329","Félagsráðgjöf og félagsleg aðstoð","88990","Önnur ótalin félagsþjónusta án dvalar á stofnun"
"85331","Minningar- og styrktarsjóðir","88990","Önnur ótalin félagsþjónusta án dvalar á stofnun"
"85339","Önnur ótalin félagsleg aðstoð án dvalar á stofnun","88990","Önnur ótalin félagsþjónusta án dvalar á stofnun"
"90000","Skólpveitur, sorphreinsun, hreinsunardeildir og skyld starfsemi","38120","Söfnun hættulegs úrgangs"
"90000","Skólpveitur, sorphreinsun, hreinsunardeildir og skyld starfsemi","38210","Meðhöndlun og förgun hættulítils sorps"
"90000","Skólpveitur, sorphreinsun, hreinsunardeildir og skyld starfsemi","38220","Meðhöndlun og förgun hættulegs úrgangs"
"91110","Félagastarfsemi atvinnuveganna og vinnuveitenda","94110","Starfsemi samtaka í atvinnulífinu og félaga atvinnurekenda"
"91120","Starfsemi fagfélaga","94120","Starfsemi fagfélaga"
"91200","Starfsemi stéttarfélaga","94200","Starfsemi stéttarfélaga"
"91311","Þjóðkirkjan","94910","Starfsemi trúfélaga"
"91319","Önnur trúfélög","94910","Starfsemi trúfélaga"
"91320","Starfsemi stjórnmálasamtaka","94920","Starfsemi stjórnmálasamtaka"
"91330","Önnur ótalin félagastarfsemi","94999","Starfsemi annarra ótalinna félagasamtaka"
"92110","Framleiðsla kvikmynda og myndbanda","59200","Hljóðupptaka og tónlistarútgáfa"
"92110","Framleiðsla kvikmynda og myndbanda","59110","Framleiðsla á kvikmyndum, myndböndum og sjónvarpsefni"
"92110","Framleiðsla kvikmynda og myndbanda","59120","Eftirvinnsla kvikmynda, myndbanda og sjónvarpsefnis"
"92120","Dreifing kvikmynda og myndbanda","59130","Dreifing á kvikmyndum, myndböndum og sjónvarpsefni"
"92130","Rekstur kvikmyndahúsa","59140","Kvikmyndasýningar"
"92200","Starfsemi útvarps- og sjónvarpsstöðva","60100","Útvarpsútsending og dagskrárgerð"
"92200","Starfsemi útvarps- og sjónvarpsstöðva","60200","Sjónvarpsútsendingar og dagskrárgerð"
"92310","Starfsemi listamanna","90010","Sviðslistir"
"92310","Starfsemi listamanna","90020","Þjónusta við sviðslistir"
"92310","Starfsemi listamanna","90030","Listsköpun"
"92320","Rekstur húsnæðis og aðstöðu fyrir menningarstarfsemi","90040","Rekstur húsnæðis og annarrar aðstöðu fyrir menningarstarfsemi"
"92330","Rekstur skemmtigarða","93210","Starfsemi skemmti- og þemagarða"
"92340","Önnur ótalin menningar- og afþreyingarstarfsemi","90010","Sviðslistir"
"92340","Önnur ótalin menningar- og afþreyingarstarfsemi","93290","Önnur ótalin skemmtun og tómstundastarf"
"92340","Önnur ótalin menningar- og afþreyingarstarfsemi","85520","Listnám"
"92400","Starfsemi sjálfstæðra fréttastofa","63910","Starfsemi fréttastofa"
"92400","Starfsemi sjálfstæðra fréttastofa","90030","Listsköpun"
"92511","Almenningsbókasöfn","91010","Starfsemi bóka- og skjalasafna"
"92512","Þjóðbókasafn, rannsóknar- og háskólabókasöfn","91010","Starfsemi bóka- og skjalasafna"
"92513","Skjalasöfn","91010","Starfsemi bóka- og skjalasafna"
"92520","Starfsemi annarra safna og varðveisla sögulegra staða og bygginga","91020","Starfsemi safna"
"92520","Starfsemi annarra safna og varðveisla sögulegra staða og bygginga","91030","Rekstur sögulegra staða og bygginga og áþekkra ferðamannastaða"
"92530","Rekstur grasagarða, dýragarða og þjóðgarða","91040","Starfsemi grasagarða, dýragarða og þjóðgarða"
"92610","Rekstur íþróttamannvirkja","93110","Rekstur íþróttamannvirkja"
"92620","Íþróttafélög; önnur íþróttastarfsemi","85510","Íþrótta- og tómstundakennsla"
"92620","Íþróttafélög; önnur íþróttastarfsemi","93120","Starfsemi íþróttafélaga"
"92620","Íþróttafélög; önnur íþróttastarfsemi","93190","Önnur íþróttastarfsemi"
"92710","Happdrætti og veðmálastarfsemi","92000","Fjárhættu- og veðmálastarfsemi"
"92720","Önnur ótalin tómstundastarfsemi","93290","Önnur ótalin skemmtun og tómstundastarf"
"93010","Þvottahús og efnalaugar","96010","Þvottahús og efnalaugar"
"93020","Hárgreiðslu- og snyrtistofur","96022","Snyrtistofur"
"93030","Útfararþjónusta","96030","Útfararþjónusta og tengd starfsemi"
"93040","Heilsuræktarstarfsemi, sólbaðstofur o.þ.h.","93130","Heilsu- og líkamsræktarstöðvar"
"93040","Heilsuræktarstarfsemi, sólbaðstofur o.þ.h.","96040","Nuddstofur, sólbaðsstofur, gufuböð o.þ.h."
"93050","Önnur ótalin persónuleg þjónustustarfsemi","96090","Önnur ótalin þjónustustarfsemi"
"95000","Heimilishald með launuðu starfsfólki","97000","Heimilishald með launuðu starfsfólki"
"97000","Engin starfsemi","99999","Óþekkt starfsemi"
"98000","Ótilgreind starfsemi","99999","Óþekkt starfsemi"
"99001","Starfsemi Varnarliðsins","99000","Starfsemi alþjóðlegra stofnana og samtaka með úrlendisrétt"
"99009","Erlend sendiráð og önnur alþjóðastarfsemi","99000","Starfsemi alþjóðlegra stofnana og samtaka með úrlendisrétt"
"29400","Framleiðsla smíðavéla og viðhald","28240","Framleiðsla á aflknúnum handverkfærum"
"29400","Framleiðsla smíðavéla og viðhald","27900","Framleiðsla á öðrum rafbúnaði"
"29400","Framleiðsla smíðavéla og viðhald","28490","Framleiðsla á öðrum ótöldum smíðavélum"
"40100","Rafmagnsveitur","35120","Flutningur rafmagns"
"40100","Rafmagnsveitur","35130","Dreifing rafmagns"
"40100","Rafmagnsveitur","35140","Viðskipti með rafmagn"
"40200","Gasveitur","35210","Gasframleiðsla"
"51651","Heildverslun með veiðarfæri og fiskvinnsluvélar","46691","Heildverslun með skipsbúnað, veiðarfæri og fiskvinnsluvélar"
"51659","Heildverslun með annan ótalinn búnað og vélar til nota í iðnaði, verslun, siglingum og flugi","46699","Heildverslun með aðrar ótaldar vélar og tæki"
"72200","Hugbúnaðargerð; ráðgjöf varðandi hugbúnað","58290","Önnur hugbúnaðarútgáfa"
"72200","Hugbúnaðargerð; ráðgjöf varðandi hugbúnað","58210","Útgáfa tölvuleikja"
"74832","Skrifstofuþjónusta","82200","Símsvörun og úthringiþjónusta"
"90000","Skólpveitur, sorphreinsun, hreinsunardeildir og skyld starfsemi","38110","Söfnun hættulítils sorps"
"90000","Skólpveitur, sorphreinsun, hreinsunardeildir og skyld starfsemi","81290","Önnur ótalin hreingerningarþjónusta"
"90000","Skólpveitur, sorphreinsun, hreinsunardeildir og skyld starfsemi","39000","Afmengun og önnur þjónusta við meðhöndlun úrgangs"
"90000","Skólpveitur, sorphreinsun, hreinsunardeildir og skyld starfsemi","37000","Fráveita"
,,"98100","Framleiðsla á heimilum á ýmis konar vöru til eigin nota"
,,"98200","Þjónustustarfsemi á heimilum í eigin þágu"
"17100","Forvinnsla og spuni á textíltrefjum","13100","Forvinnsla og spuni á textíltrefjum"
"45200","Húsbyggingar og önnur mannvirkjagerð","42910","Gerð vatnsmannvirkja"
"45200","Húsbyggingar og önnur mannvirkjagerð","41200","Bygging íbúðar- og atvinnuhúsnæðis"
"45200","Húsbyggingar og önnur mannvirkjagerð","42130","Brúarsmíði og jarðgangagerð"
"45200","Húsbyggingar og önnur mannvirkjagerð","42220","Bygging þjónustumannvirkja fyrir rafmagn og fjarskipti"
"45200","Húsbyggingar og önnur mannvirkjagerð","43910","Vinna við þök"
"45200","Húsbyggingar og önnur mannvirkjagerð","42990","Bygging annarra ótalinna mannvirkja"
"45200","Húsbyggingar og önnur mannvirkjagerð","42110","Vegagerð"
"23200","Framleiðsla á hreinsuðum olíuvörum","19200","Framleiðsla á hreinsuðum olíuvörum"
"23300","Framleiðsla efna til kjarnorkueldsneytis","24460","Vinnsla á kjarnorkueldsneyti"
"24110","Framleiðsla á iðnaðargasi","20110","Framleiðsla á iðnaðargasi"
"24120","Framleiðsla á lit og litarefnum","20120","Framleiðsla á lit og litarefnum"
"24130","Framleiðsla á öðrum ólífrænum grunnefnum til efnaiðnaðar","20130","Framleiðsla á öðrum ólífrænum grunnefnum til efnaiðnaðar"
"24140","Framleiðsla á öðrum lífrænum grunnefnum til efnaiðnaðar","20140","Framleiðsla á öðrum lífrænum grunnefnum til efnaiðnaðar"
"24150","Framleiðsla á tilbúnum áburði o.fl.","20150","Framleiðsla á tilbúnum áburði og köfnunarefnissamböndum"
"24160","Framleiðsla á plasthráefnum","20160","Framleiðsla á plasthráefnum"
"24170","Framleiðsla á gervigúmmíi til úrvinnslu","20170","Framleiðsla á syntetísku gúmmíi til úrvinnslu"
"24200","Framleiðsla á skordýra- og illgresiseyði og öðrum  efnum til nota í landbúnaði","20200","Framleiðsla á skordýra- og illgresiseyði og öðrum efnum til nota í landbúnaði"
"24300","Framleiðsla á málningu, þekju-, fylli- og þéttiefnum","20300","Framleiðsla á málningu, lökkum og svipuðum þekjuefnum, prentbleki og fylli- og þéttiefnum"
"24410","Framleiðsla á hráefnum til lyfjagerðar","21100","Framleiðsla á efnum til lyfjagerðar"
"24420","Lyfjagerð","32500","Framleiðsla á tækjum og vörum til lækninga og tannlækninga"
"24420","Lyfjagerð","21200","Lyfjaframleiðsla"
"24510","Framleiðsla á sápu, hreinsi- og þvottaefnum, hreingerningar- og fægiefnum","20410","Framleiðsla á sápu, hreinsi- og þvottaefnum, hreingerningar- og fægiefnum"
"24520","Ilmvatns- og snyrtivöruframleiðsla","20420","Framleiðsla á ilmvatni og snyrtivörum"
"24610","Framleiðsla á sprengiefnum","20510","Framleiðsla á sprengiefnum"
"24620","Límframleiðsla","20520","Framleiðsla á lími"
"24630","Framleiðsla á rokgjörnum olíum","20530","Framleiðsla á ilmolíum"
"24640","Framleiðsla á efnum til ljósmyndagerðar","20590","Framleiðsla á annarri ótalinni efnavöru"
"24650","Framleiðsla á hljóð- og myndböndum, seguldiskum og segulböndum fyrir tölvur","26800","Framleiðsla á segul- og optískum miðlum"
"24660","Annar ótalinn efnaiðnaður","20590","Framleiðsla á annarri ótalinni efnavöru"
"24700","Framleiðsla gerviþráðar","20600","Framleiðsla gerviþráðar"
"25110","Framleiðsla á gúmmíhjólbörðum og hjólbarðaslöngum","22110","Framleiðsla á gúmmíhjólbörðum og hjólbarðaslöngum, sólun notaðra gúmmíhjólbarða"
"36130","Innréttingasmíði","31090","Framleiðsla á öðrum húsgögnum og innréttingum"
"36140","Annar húsgagnaiðnaður og húsgagnaviðgerðir","95240","Viðgerðir á húsgögnum og áklæðum"
"36140","Annar húsgagnaiðnaður og húsgagnaviðgerðir","31090","Framleiðsla á öðrum húsgögnum og innréttingum"
"36150","Dýnuframleiðsla","31030","Framleiðsla á dýnum"
"36210","Myntslátta","32110","Myntslátta"
"36220","Skartgripasmíði og önnur ótalin gull- og silfursmíði","32120","Skartgripasmíði og skyld framleiðsla"
"36300","Hljóðfærasmíði","32200","Hljóðfærasmíði"
"36400","Sportvörugerð","32300","Framleiðsla á íþróttavörum"
"36500","Leikfangagerð","32400","Framleiðsla á spilum og leikföngum"
"36610","Framleiðsla óekta skartgripa","32130","Framleiðsla á óekta skartgripum og skyldum vörum"
"36620","Burstagerð","32910","Framleiðsla á sópum og burstum"
"36630","Annar ótalinn iðnaður","32990","Önnur ótalin framleiðsla"
"37100","Endurvinnsla málma og brotajárns","38310","Niðurrif á ónýtum hlutum"
"37100","Endurvinnsla málma og brotajárns","38320","Endurnýting flokkaðra efna"
"37200","Endurvinnsla á öðru en málmum","38320","Endurnýting flokkaðra efna"
"40100","Rafmagnsveitur","35110","Framleiðsla rafmagns"
"40200","Gasveitur","35220","Dreifing á loftkenndu eldsneyti um leiðslur"
"40200","Gasveitur","35230","Viðskipti með gas um leiðslur"
"40300","Hitaveitur","35300","Hitaveita; kæli- og loftræstiveita"
"41000","Vatnsveitur","36000","Vatnsveita, öflun og meðferð vatns"
"45110","Niðurrif bygginga og jarðvegsvinna","43110","Niðurrif"
"45110","Niðurrif bygginga og jarðvegsvinna","43120","Undirbúningsvinna á byggingarsvæði"
"45120","Boranir vegna bygginga og mannvirkja","43130","Tilraunaboranir og borvinna"
"45200","Húsbyggingar og önnur mannvirkjagerð","42210","Gerð þjónustumannvirkja fyrir vatn"
"45200","Húsbyggingar og önnur mannvirkjagerð","43990","Önnur ótalin sérhæfð byggingarstarfsemi"
"45310","Raf- og boðlagnir; starfsemi rafverktaka","43210","Raflagnir"
"45320","Einangrun","43290","Önnur uppsetning í mannvirki"
"45330","Pípulagnir","43220","Pípulagnir, uppsetning hitunar- og loftræstikerfa"
"45410","Múrverk","43310","Múrhúðun"
"45420","Húsasmíði og uppsetning innréttinga","43320","Uppsetning innréttinga"
"45200","Húsbyggingar og önnur mannvirkjagerð","42120","Lagning járnbrauta og neðanjarðarjárnbrauta"
"05030","Þjónusta við fiskveiðar","35300","Hitaveita; kæli- og loftræstiveita"
